image_id,who,label,prediction,correct,method,attempts,route,late,baseline_without_clahe1024,clahe1024_ran,official_seconds,ac_power
900001,수민,2028-09-11,2028-09-11,1,highres_1024_retry,original_512+highres_1024,RECHECK,0,2028-09-11,0,30.1,False
900002,수민,2029-04-NONE,2029-04-NONE,1,original_512,original_512,MANUAL,0,2029-04-NONE,0,9.445,False
900003,수민,2027-09-25,2027-09-25,1,original_512,original_512,CONFIRM,0,2027-09-25,0,11.739,True
900004,수민,2029-03-05,2029-03-05,1,original_512,original_512,CONFIRM,0,2029-03-05,0,9.928,True
900005,수민,2029-10-02,NONE-02-10,0,highres_1024_retry,original_512+highres_1024,MANUAL,0,NONE-02-10,0,34.769,True
900006,수민,2028-08-24,NONE,0,original_no_candidate,original_512+rotation_270+highres_1024+clahe+clahe_1024,MANUAL,0,NONE,1,74.417,True
900007,수민,2026-09-06,2026-09-06,1,original_512,original_512,CONFIRM,0,2026-09-06,0,12.092,True
900008,수민,2026-06-20,NONE,0,original_no_candidate,original_512+rotation_270+highres_1024+clahe+clahe_1024,MANUAL,0,NONE,1,85.161,True
900009,수민,2029-05-22,2029-05-22,1,highres_1024,original_512+rotation_270+highres_1024,CONFIRM,0,2029-05-22,0,53.823,True
900010,수민,2029-05-26,2029-05-26,1,original_512,original_512,CONFIRM,0,2029-05-26,0,9.284,True
900011,수민,2029-03-10,NONE,0,original_no_candidate,original_512+rotation_270+highres_1024+clahe+clahe_1024,MANUAL,0,NONE,1,80.568,True
900012,수민,2027-09-01,2027-09-01,1,highres_1024,original_512+rotation_270+highres_1024,RECHECK,0,2027-09-01,0,42.338,True
900013,수민,2029-01-19,2029-01-19,1,highres_1024,original_512+rotation_270+highres_1024,CONFIRM,0,2029-01-19,0,45.235,True
900014,수민,2028-10-22,2028-10-22,1,highres_1024,original_512+rotation_270+highres_1024,CONFIRM,0,2028-10-22,0,40.714,True
900015,수민,2029-02-09,2029-02-09,1,highres_1024,original_512+rotation_270+highres_1024,RECHECK,0,2029-02-09,0,45.476,True
900016,수민,2028-06-12,2028-06-12,1,highres_1024,original_512+rotation_270+highres_1024,CONFIRM,0,2028-06-12,0,50.182,True
900017,수민,2027-04-16,2027-04-16,1,original_512,original_512,CONFIRM,0,2027-04-16,0,10.229,True
900018,수민,2029-03-30,2029-03-30,1,rotation_270,original_512+rotation_270,RECHECK,0,2029-03-30,0,18.127,True
900019,수민,2026-10-22,2026-10-22,1,original_512,original_512,CONFIRM,0,2026-10-22,0,7.63,True
900020,수민,2027-07-24,NONE,0,original_no_candidate,original_512+rotation_270+highres_1024+clahe+clahe_1024,MANUAL,0,NONE,1,88.741,True
900021,수민,2028-06-22,NONE,0,original_no_candidate,original_512+rotation_270+highres_1024+clahe+clahe_1024,MANUAL,0,NONE,1,81.369,True
900022,수민,2028-06-17,2028-06-17,1,original_512,original_512,CONFIRM,0,2028-06-17,0,10.058,True
900023,수민,2028-06-17,NONE,0,original_no_candidate,original_512+rotation_270+highres_1024+clahe+clahe_1024,MANUAL,0,NONE,1,78.053,True
900024,수민,2028-11-09,2028-11-09,1,highres_1024,original_512+rotation_270+highres_1024,CHOOSE,0,2028-11-09,0,45.461,True
900025,수민,2028-06-29,2028-06-29,1,highres_1024_retry,original_512+highres_1024,CHOOSE,0,2028-06-29,0,30.624,True
900026,수민,2026-11-06,2024-05-07,0,original_512,original_512,CONFIRM,0,2024-05-07,0,7.682,True
900027,수민,2028-04-01,2028-04-01,1,original_512,original_512,CONFIRM,0,2028-04-01,0,11.02,True
900028,수민,2027-10-17,NONE,0,original_no_candidate,original_512+rotation_270+highres_1024+clahe+clahe_1024,MANUAL,0,NONE,1,77.793,True
900029,수민,2028-12-15,NONE,0,original_no_candidate,original_512+rotation_270+highres_1024+clahe+clahe_1024,MANUAL,0,NONE,1,74.991,True
900030,수민,2025-12-01,NONE,0,original_no_candidate,original_512+rotation_270+highres_1024+clahe+clahe_1024,MANUAL,0,NONE,1,78.749,True
900031,수민,2027-11-05,2027-11-05,1,rotation_270,original_512+rotation_270,RECHECK,0,2027-11-05,0,14.367,True
900032,수민,2028-01-31,2028-01-31,1,original_512,original_512,CONFIRM,0,2028-01-31,0,8.861,True
900033,수민,2024-06-10,2024-06-10,1,original_512,original_512,CONFIRM,0,2024-06-10,0,8.294,True
900034,수민,2027-12-19,2027-12-19,1,highres_1024,original_512+rotation_270+highres_1024,CONFIRM,0,2027-12-19,0,44.253,True
900035,수민,2027-10-03,2027-10-03,1,highres_1024,original_512+rotation_270+highres_1024,CONFIRM,0,2027-10-03,0,43.106,True
900036,수민,2021-12-10,2021-12-10,1,original_512,original_512,CONFIRM,0,2021-12-10,0,9.137,True
900037,수민,2026-10-22,2026-10-22,1,original_512,original_512,CONFIRM,0,2026-10-22,0,8.658,True
900038,수민,2025-09-13,2025-09-13,1,original_512,original_512,CONFIRM,0,2025-09-13,0,11.32,True
900039,수민,2026-09-14,2026-09-14,1,highres_1024,original_512+rotation_270+highres_1024,CONFIRM,0,2026-09-14,0,46.514,True
900040,수민,2029-01-01,2029-01-01,1,original_512,original_512,CONFIRM,0,2029-01-01,0,7.424,True
900041,수민,2028-07-13,NONE,0,original_no_candidate,original_512+rotation_270+highres_1024+clahe+clahe_1024,MANUAL,0,NONE,1,76.963,True
900042,수민,2026-08-28,NONE,0,original_no_candidate,original_512+rotation_270+highres_1024+clahe+clahe_1024,MANUAL,0,NONE,1,75.087,True
900043,수민,2027-11-27,2027-11-27,1,highres_1024_retry,original_512+highres_1024,RECHECK,0,2027-11-27,0,35.069,True
900044,수민,2028-10-06,2028-10-06,1,original_512,original_512,CONFIRM,0,2028-10-06,0,8.08,True
900045,수민,2029-03-30,NONE,0,original_no_candidate,original_512+rotation_270+highres_1024+clahe+clahe_1024,MANUAL,0,NONE,1,82.741,True
900046,수민,2028-03-16,2028-03-16,1,highres_1024,original_512+rotation_270+highres_1024,CONFIRM,0,2028-03-16,0,44.023,True
900047,수민,2028-08-03,2028-08-03,1,highres_1024,original_512+rotation_270+highres_1024,CONFIRM,0,2028-08-03,0,45.869,True
900048,수민,2028-11-02,NONE,0,original_no_candidate,original_512+rotation_270+highres_1024+clahe+clahe_1024,MANUAL,0,NONE,1,78.195,True
900049,수민,2027-12-NONE,2027-12-NONE,1,original_512,original_512,MANUAL,0,2027-12-NONE,0,8.793,True
900050,수민,2027-11-17,2027-11-17,1,original_512,original_512,CONFIRM,0,2027-11-17,0,8.334,True
900051,수민,2027-11-NONE,2027-11-NONE,1,highres_1024,original_512+rotation_270+highres_1024,MANUAL,0,2027-11-NONE,0,43.19,True
900052,수민,2028-09-01,2028-09-01,1,original_512,original_512,CONFIRM,0,2028-09-01,0,8.884,True
900053,수민,2028-12-30,2028-12-30,1,original_512_retry_kept,original_512+highres_1024,CHOOSE,0,2028-12-30,0,36.157,True
900054,수민,2029-08-11,2029-08-11,1,original_512,original_512,CONFIRM,0,2029-08-11,0,8.232,True
900055,수민,2027-05-19,2027-05-19,1,original_512,original_512,CONFIRM,0,2027-05-19,0,8.606,True
900056,수민,2028-10-01,2028-10-01,1,highres_1024,original_512+rotation_270+highres_1024,CONFIRM,0,2028-10-01,0,50.055,True
900057,수민,2027-09-17,NONE,0,original_no_candidate,original_512+rotation_270+highres_1024+clahe+clahe_1024,MANUAL,0,NONE,1,74.793,True
900058,수민,2028-12-01,2028-12-01,1,highres_1024,original_512+rotation_270+highres_1024,CONFIRM,0,2028-12-01,0,41.759,True
900059,수민,2028-06-01,NONE,0,original_no_candidate,original_512+rotation_270+highres_1024+clahe+clahe_1024,MANUAL,0,NONE,1,77.869,True
900060,수민,2024-02-NONE,2024-02-NONE,1,original_512,original_512,MANUAL,0,2024-02-NONE,0,7.748,True
900061,수민,2028-09-09,2028-09-09,1,highres_1024,original_512+rotation_270+highres_1024,CHOOSE,0,2028-09-09,0,43.338,True
900062,수민,2028-11-25,2028-11-25,1,original_512,original_512,CONFIRM,0,2028-11-25,0,14.251,True
900063,수민,2029-05-13,2029-05-13,1,original_512_retry_kept,original_512+highres_1024,CHOOSE,0,2029-05-13,0,36.684,True
900064,수민,2028-09-09,2020-09-09,0,highres_1024,original_512+rotation_270+highres_1024,RECHECK,0,2020-09-09,0,50.139,True
900065,수민,2029-06-23,NONE,0,original_no_candidate,original_512+rotation_270+highres_1024+clahe+clahe_1024,MANUAL,0,NONE,1,83.466,True
900066,수민,2029-05-15,2020-10-03,0,clahe_1024,original_512+rotation_270+highres_1024+clahe+clahe_1024,RECHECK,0,NONE,1,106.57,True
900067,수민,2029-07-14,2029-07-14,1,original_512,original_512,CONFIRM,0,2029-07-14,0,8.183,True
900068,수민,2029-01-13,NONE,0,original_no_candidate,original_512+rotation_270+highres_1024+clahe+clahe_1024,MANUAL,0,NONE,1,86.259,True
900069,수민,2029-07-06,NONE,0,original_no_candidate,original_512+rotation_270+highres_1024+clahe+clahe_1024,MANUAL,0,NONE,1,79.952,True
900070,수민,2029-02-27,2029-02-27,1,highres_1024,original_512+rotation_270+highres_1024,CHOOSE,0,2029-02-27,0,49.415,True
900071,수민,2029-05-17,2029-05-NONE,0,original_512_retry_kept,original_512+highres_1024,MANUAL,0,2029-05-NONE,0,36.276,True
900072,수민,2029-08-18,NONE,0,original_no_candidate,original_512+rotation_270+highres_1024+clahe+clahe_1024,MANUAL,0,NONE,1,93.697,True
900073,수민,2029-03-01,2029-03-01,1,original_512,original_512,CONFIRM,0,2029-03-01,0,7.362,True
900074,수민,2029-06-22,2029-06-22,1,original_512,original_512,CONFIRM,0,2029-06-22,0,7.189,True
900075,수민,2029-08-30,2029-08-30,1,original_512,original_512,CONFIRM,0,2029-08-30,0,8.564,True
900076,수민,2029-06-07,2029-06-07,1,original_512,original_512,CONFIRM,0,2029-06-07,0,8.396,True
900077,수민,2029-05-31,2029-05-31,1,original_512,original_512,CONFIRM,0,2029-05-31,0,9.789,True
900078,수민,2029-06-14,2029-06-14,1,rotation_270,original_512+rotation_270,CONFIRM,0,2029-06-14,0,15.579,True
900079,수민,2029-07-06,2029-07-06,1,original_512,original_512,CONFIRM,0,2029-07-06,0,8.713,True
900080,수민,2029-06-14,2023-06-14,0,highres_1024,original_512+rotation_270+highres_1024,RECHECK,0,2023-06-14,0,43.327,True
900081,수민,2029-03-31,2029-03-31,1,highres_1024,original_512+rotation_270+highres_1024,CONFIRM,0,2029-03-31,0,44.634,True
900082,수민,2029-06-10,2030-10-31,0,highres_1024,original_512+rotation_270+highres_1024,CHOOSE,1,2030-10-31,0,54.033,True
900083,수민,2029-08-13,2029-08-13,1,original_512,original_512,CONFIRM,0,2029-08-13,0,9.338,True
900084,수민,2028-10-27,2028-10-27,1,original_512,original_512,CONFIRM,0,2028-10-27,0,7.8,True
900085,수민,2028-06-05,2028-06-05,1,highres_1024_retry,original_512+highres_1024,CONFIRM,0,2028-06-05,0,35.994,True
900086,수민,2029-06-30,2029-06-30,1,highres_1024,original_512+rotation_270+highres_1024,CONFIRM,0,2029-06-30,0,46.211,True
900087,수민,2029-08-04,2029-08-04,1,highres_1024,original_512+rotation_270+highres_1024,CONFIRM,0,2029-08-04,0,44.909,True
900088,수민,2029-08-25,2029-08-25,1,original_512,original_512,CONFIRM,0,2029-08-25,0,8.232,True
900089,수민,2027-11-25,2027-01-11,0,highres_1024,original_512+rotation_270+highres_1024,CONFIRM,0,2027-01-11,0,45.046,True
900090,수민,2028-12-15,2028-12-15,1,original_512,original_512,CONFIRM,0,2028-12-15,0,8.332,True
900091,수민,2029-04-19,2029-04-19,1,original_512,original_512,CONFIRM,0,2029-04-19,0,8.265,True
900092,수민,2031-01-NONE,2026-02-NONE,0,original_512,original_512,MANUAL,0,2026-02-NONE,0,11.862,True
900093,수민,2029-01-26,2029-01-26,1,original_512_retry_kept,original_512+highres_1024,RECHECK,0,2029-01-26,0,34.829,True
900094,수민,2029-07-19,2029-07-19,1,highres_1024,original_512+rotation_270+highres_1024,CONFIRM,0,2029-07-19,0,47.872,True
900095,수민,2029-07-29,2029-07-29,1,original_512,original_512,CONFIRM,0,2029-07-29,0,9.072,True
900096,수민,2028-06-29,NONE,0,original_no_candidate,original_512+rotation_270+highres_1024+clahe+clahe_1024,MANUAL,0,NONE,1,109.128,True
900097,수민,2029-06-24,2029-06-24,1,original_512,original_512,CONFIRM,0,2029-06-24,0,9.119,True
900098,수민,2029-04-27,2029-04-27,1,highres_1024,original_512+rotation_270+highres_1024,CONFIRM,0,2029-04-27,0,49.614,True
900099,수민,2029-01-08,2029-01-08,1,original_512_retry_kept,original_512+highres_1024,CHOOSE,0,2029-01-08,0,41.935,True
900100,수민,2027-06-25,2027-06-25,1,original_512_retry_kept,original_512+highres_1024,RECHECK,0,2027-06-25,0,36.273,True
900101,수민,2029-08-17,2029-08-17,1,highres_1024_retry,original_512+highres_1024,CONFIRM,0,2029-08-17,0,34.704,True
900102,수민,2029-01-11,2029-01-11,1,original_512,original_512,CONFIRM,0,2029-01-11,0,8.893,True
900103,수민,2028-06-14,2028-06-14,1,original_512,original_512,CONFIRM,0,2028-06-14,0,7.279,True
900104,수민,2027-09-30,2027-09-30,1,original_512,original_512,CONFIRM,0,2027-09-30,0,11.096,True
900105,수민,2027-07-07,2027-07-07,1,original_512,original_512,CONFIRM,0,2027-07-07,0,7.9,True
900106,수민,2027-06-24,2027-06-24,1,original_512,original_512,CONFIRM,0,2027-06-24,0,5.401,True
900107,수민,2027-11-24,2027-11-24,1,original_512,original_512,CONFIRM,0,2027-11-24,0,8.017,True
900108,수민,2027-08-18,2027-08-18,1,original_512,original_512,CONFIRM,0,2027-08-18,0,5.001,True
900109,수민,2027-10-22,2027-10-22,1,original_512_retry_kept,original_512+highres_1024,RECHECK,0,2027-10-22,0,22.564,True
900110,수민,2027-12-01,2027-12-01,1,original_512,original_512,CONFIRM,0,2027-12-01,0,9.893,True
900111,수민,2027-08-19,2019-09-01,0,highres_1024,original_512+rotation_270+highres_1024,RECHECK,0,2019-09-01,0,25.099,True
900112,수민,2027-05-28,2027-05-28,1,original_512,original_512,CONFIRM,0,2027-05-28,0,5.38,True
900113,수민,2029-01-13,2029-01-13,1,original_512,original_512,CONFIRM,0,2029-01-13,0,7.401,True
900114,수민,2028-12-21,2028-12-21,1,original_512_retry_kept,original_512+highres_1024,RECHECK,0,2028-12-21,0,19.919,True
900115,수민,2028-07-13,2028-07-13,1,original_512,original_512,CONFIRM,0,2028-07-13,0,6.948,True
900116,수민,2029-06-01,2029-06-01,1,original_512,original_512,CONFIRM,0,2029-06-01,0,6.208,True
900117,수민,2031-06-NONE,NONE,0,original_no_candidate,original_512+rotation_270+highres_1024+clahe+clahe_1024,MANUAL,0,NONE,1,47.742,True
900118,수민,2029-03-30,2029-03-30,1,original_512,original_512,CONFIRM,0,2029-03-30,0,6.609,True
900119,수민,2028-12-29,2028-12-29,1,highres_1024,original_512+rotation_270+highres_1024,CONFIRM,0,2028-12-29,0,29.417,True
900120,수민,2031-01-27,2031-01-27,1,original_512,original_512,CONFIRM,0,2031-01-27,0,7.35,True
900121,수민,2029-04-20,2029-04-20,1,original_512,original_512,CONFIRM,0,2029-04-20,0,5.102,True
900122,수민,2029-08-19,2029-08-19,1,original_512,original_512,CONFIRM,0,2029-08-19,0,6.389,True
900123,수민,2026-04-28,2026-04-28,1,original_512,original_512,CONFIRM,0,2026-04-28,0,7.505,True
900124,수민,2029-05-26,2029-05-26,1,highres_1024_retry,original_512+highres_1024,CHOOSE,0,2029-05-26,0,20.557,True
900125,수민,2029-06-14,2029-06-14,1,original_512,original_512,CONFIRM,0,2029-06-14,0,6.461,True
900126,수민,2028-07-20,2028-07-20,1,original_512,original_512,CONFIRM,0,2028-07-20,0,5.776,True
900127,수민,2028-06-15,2028-06-15,1,original_512,original_512,CONFIRM,0,2028-06-15,0,5.603,True
900128,수민,2029-03-01,2029-03-01,1,highres_1024_retry,original_512+highres_1024,CONFIRM,0,2029-03-01,0,26.461,True
900129,수민,2029-01-11,2029-01-11,1,original_512,original_512,CONFIRM,0,2029-01-11,0,4.911,True
900130,수민,2029-04-NONE,2023-06-19,0,highres_1024_retry,original_512+highres_1024,CHOOSE,0,2023-06-19,0,29.695,True
900131,수민,2029-04-12,2029-04-12,1,original_512,original_512,CONFIRM,0,2029-04-12,0,9.062,True
900132,수민,2028-12-NONE,2028-12-NONE,1,original_512,original_512,MANUAL,0,2028-12-NONE,0,4.635,True
900133,수민,2029-04-19,2029-04-19,1,original_512,original_512,CONFIRM,0,2029-04-19,0,6.162,True
900134,수민,2029-05-17,2029-05-17,1,original_512,original_512,CONFIRM,0,2029-05-17,0,7.894,True
900135,수민,2029-05-18,2029-05-18,1,original_512,original_512,CONFIRM,0,2029-05-18,0,4.351,True
900136,수민,2028-08-19,2028-08-19,1,highres_1024,original_512+rotation_270+highres_1024,CONFIRM,0,2028-08-19,0,29.87,True
900137,수민,2028-11-03,2028-11-03,1,original_512,original_512,CONFIRM,0,2028-11-03,0,5.619,True
900138,수민,2029-04-08,2029-04-08,1,original_512,original_512,CONFIRM,0,2029-04-08,0,5.604,True
900139,수민,2028-04-06,2028-04-06,1,original_512,original_512,CONFIRM,0,2028-04-06,0,5.534,True
900140,수민,2029-03-03,2029-03-03,1,original_512,original_512,CONFIRM,0,2029-03-03,0,4.999,True
900141,수민,2029-01-14,2029-01-14,1,original_512,original_512,CONFIRM,0,2029-01-14,0,5.689,True
900142,수민,2029-04-16,2029-04-16,1,original_512,original_512,CONFIRM,0,2029-04-16,0,3.952,True
900143,수민,2028-11-25,2028-11-25,1,original_512,original_512,CONFIRM,0,2028-11-25,0,4.952,True
900144,수민,2029-01-06,2029-01-06,1,highres_1024_retry,original_512+highres_1024,RECHECK,0,2029-01-06,0,18.33,True
900145,수민,2029-02-19,2029-02-19,1,highres_1024_retry,original_512+highres_1024,CONFIRM,0,2029-02-19,0,24.361,True
900146,수민,2028-08-26,2022-08-07,0,original_512,original_512,CONFIRM,0,2022-08-07,0,4.914,True
900147,수민,2029-04-15,2029-04-15,1,original_512,original_512,CONFIRM,0,2029-04-15,0,6.87,True
900148,수민,2027-11-26,2027-11-26,1,original_512,original_512,CONFIRM,0,2027-11-26,0,6.619,True
900149,수민,2029-02-25,NONE,0,original_no_candidate,original_512+rotation_270+highres_1024+clahe+clahe_1024,MANUAL,0,NONE,1,54.23,True
900150,수민,2029-03-23,2029-03-23,1,original_512,original_512,CONFIRM,0,2029-03-23,0,5.221,True
900151,서현,2029-01-07,2029-01-07,1,original_512,original_512,CONFIRM,0,2029-01-07,0,5.992,True
900152,서현,NONE,2026-09-09,0,original_512,original_512,CONFIRM,0,2026-09-09,0,5.718,True
900153,서현,2027-09-26,2027-09-26,1,highres_1024,original_512+rotation_270+highres_1024,CONFIRM,0,2027-09-26,0,26.27,True
900154,서현,2029-04-26,2029-04-26,1,original_512,original_512,CONFIRM,0,2029-04-26,0,4.131,True
900155,서현,2027-02-01,2027-02-01,1,original_512,original_512,CONFIRM,0,2027-02-01,0,5.612,True
900156,서현,2028-11-03,NONE,0,original_no_candidate,original_512+rotation_270+highres_1024+clahe+clahe_1024,MANUAL,0,NONE,1,48.813,True
900157,서현,2027-09-03,2027-09-03,1,highres_1024_retry,original_512+highres_1024,CONFIRM,0,2027-09-03,0,19.83,True
900158,서현,2027-04-01,2027-04-01,1,original_512,original_512,CONFIRM,0,2027-04-01,0,5.864,True
900159,서현,2029-08-18,2029-08-18,1,original_512,original_512,CONFIRM,0,2029-08-18,0,5.251,True
900160,서현,2029-04-16,2029-04-16,1,highres_1024,original_512+rotation_270+highres_1024,CONFIRM,0,2029-04-16,0,33.594,True
900161,서현,2029-06-07,2029-06-07,1,original_512,original_512,CONFIRM,0,2029-06-07,0,4.99,True
900162,서현,2029-03-15,2029-03-15,1,rotation_270,original_512+rotation_270,RECHECK,0,2029-03-15,0,8.396,True
900163,서현,2029-03-08,2029-03-08,1,original_512,original_512,CONFIRM,0,2029-03-08,0,4.341,True
900164,서현,NONE,NONE,1,original_no_candidate,original_512+rotation_270+highres_1024+clahe+clahe_1024,MANUAL,0,NONE,1,49.084,True
900165,서현,2029-06-15,2029-06-15,1,highres_1024,original_512+rotation_270+highres_1024,RECHECK,0,2029-06-15,0,29.631,True
900166,서현,2028-12-NONE,NONE,0,original_no_candidate,original_512+rotation_270+highres_1024+clahe+clahe_1024,MANUAL,0,NONE,1,55.563,True
900167,서현,2029-04-20,2029-04-20,1,original_512,original_512,CONFIRM,0,2029-04-20,0,5.616,True
900168,서현,2028-12-17,2028-12-17,1,highres_1024_retry,original_512+highres_1024,CONFIRM,0,2028-12-17,0,18.75,True
900169,서현,2029-02-23,2029-02-23,1,highres_1024,original_512+rotation_270+highres_1024,CONFIRM,0,2029-02-23,0,22.982,True
900170,서현,2029-06-10,2029-06-10,1,rotation_270,original_512+rotation_270,CONFIRM,0,2029-06-10,0,15.311,True
900171,서현,2029-07-07,2029-07-07,1,original_512,original_512,CONFIRM,0,2029-07-07,0,5.597,True
900172,서현,2028-04-28,2028-04-28,1,original_512,original_512,CONFIRM,0,2028-04-28,0,7.032,True
900173,서현,2028-05-08,2028-05-08,1,original_512,original_512,CONFIRM,0,2028-05-08,0,5.309,True
900174,서현,2029-01-13,2029-01-13,1,highres_1024,original_512+rotation_270+highres_1024,CONFIRM,0,2029-01-13,0,30.325,True
900175,서현,2029-01-08,2029-01-08,1,highres_1024,original_512+rotation_270+highres_1024,RECHECK,0,2029-01-08,0,25.482,True
900176,서현,2029-01-21,2029-01-21,1,original_512,original_512,CONFIRM,0,2029-01-21,0,5.068,True
900177,서현,2028-09-10,2028-09-10,1,original_512,original_512,CONFIRM,0,2028-09-10,0,3.916,True
900178,서현,2028-07-01,2028-07-01,1,rotation_270,original_512+rotation_270,CONFIRM,0,2028-07-01,0,13.638,True
900179,서현,2027-07-15,2027-07-15,1,rotation_270,original_512+rotation_270,CONFIRM,0,2027-07-15,0,11.163,True
900180,서현,2028-06-15,2028-06-15,1,original_512_retry_kept,original_512+highres_1024,RECHECK,0,2028-06-15,0,28.453,True
900181,서현,2028-02-09,2028-02-NONE,0,original_512,original_512,MANUAL,0,2028-02-NONE,0,6.28,True
900182,서현,2027-05-17,2027-05-17,1,original_512,original_512,CONFIRM,0,2027-05-17,0,5.187,True
900183,서현,2027-10-12,2027-10-12,1,highres_1024_retry,original_512+highres_1024,RECHECK,0,2027-10-12,0,18.896,True
900184,서현,2027-04-07,2027-04-07,1,clahe,original_512+rotation_270+highres_1024+clahe,CONFIRM,0,2027-04-07,0,39.791,True
900185,서현,2027-03-NONE,2027-03-NONE,1,original_512_retry_kept,original_512+highres_1024,MANUAL,0,2027-03-NONE,0,24.133,True
900186,서현,2027-06-25,2027-06-25,1,original_512,original_512,CONFIRM,0,2027-06-25,0,4.717,True
900187,서현,2028-07-21,2028-07-21,1,original_512,original_512,CONFIRM,0,2028-07-21,0,4.826,True
900188,서현,2028-07-05,2028-07-05,1,original_512,original_512,CONFIRM,0,2028-07-05,0,6.08,True
900189,서현,2028-12-08,NONE,0,original_no_candidate,original_512+rotation_270+highres_1024+clahe+clahe_1024,MANUAL,0,NONE,1,50.382,True
900190,서현,2029-05-27,2029-05-27,1,highres_1024,original_512+rotation_270+highres_1024,RECHECK,0,2029-05-27,0,28.392,True
900191,서현,2029-06-24,2029-06-24,1,highres_1024_retry,original_512+highres_1024,CONFIRM,0,2029-06-24,0,32.06,True
900192,서현,2028-09-04,2028-09-04,1,original_512,original_512,CONFIRM,0,2028-09-04,0,7.323,True
900193,서현,2029-06-14,2029-06-14,1,highres_1024_retry,original_512+highres_1024,CONFIRM,0,2029-06-14,0,18.491,True
900194,서현,2030-07-15,2030-07-15,1,original_512,original_512,CONFIRM,0,2030-07-15,0,5.402,True
900195,서현,2029-02-NONE,2029-02-NONE,1,original_512_retry_kept,original_512+highres_1024,MANUAL,0,2029-02-NONE,0,20.109,True
900196,서현,2029-02-04,2029-02-04,1,original_512,original_512,CONFIRM,0,2029-02-04,0,6.023,True
900197,서현,2028-10-06,2028-10-06,1,rotation_270,original_512+rotation_270,RECHECK,0,2028-10-06,0,8.908,True
900198,서현,2029-03-03,NONE,0,original_no_candidate,original_512+rotation_270+highres_1024+clahe+clahe_1024,MANUAL,0,NONE,1,48.804,True
900199,서현,2029-06-18,2029-06-18,1,highres_1024,original_512+rotation_270+highres_1024,CONFIRM,0,2029-06-18,0,30.759,True
900200,서현,2029-05-07,2029-05-07,1,original_512,original_512,CONFIRM,0,2029-05-07,0,6.215,True
900201,서현,2027-11-NONE,2027-11-NONE,1,original_512,original_512,MANUAL,0,2027-11-NONE,0,5.946,True
900202,서현,2029-02-10,2029-02-10,1,original_512,original_512,CONFIRM,0,2029-02-10,0,4.923,True
900203,서현,2029-01-14,2029-01-14,1,highres_1024,original_512+rotation_270+highres_1024,CONFIRM,0,2029-01-14,0,23.967,True
900204,서현,2029-01-05,2029-01-05,1,original_512,original_512,CONFIRM,0,2029-01-05,0,6.508,True
900205,서현,2028-04-07,2028-04-07,1,highres_1024,original_512+rotation_270+highres_1024,CONFIRM,0,2028-04-07,0,35.606,True
900206,서현,2029-08-13,NONE-10-14,0,original_512,original_512,MANUAL,0,NONE-10-14,0,4.625,True
900207,서현,2029-06-19,2029-06-19,1,original_512,original_512,CONFIRM,0,2029-06-19,0,4.976,True
900208,서현,2028-12-16,2028-12-16,1,original_512,original_512,CONFIRM,0,2028-12-16,0,5.658,True
900209,서현,2029-08-26,2029-08-26,1,original_512,original_512,CONFIRM,0,2029-08-26,0,5.979,True
900210,서현,2028-03-01,2028-03-01,1,highres_1024,original_512+rotation_270+highres_1024,CONFIRM,0,2028-03-01,0,25.057,True
900211,서현,2028-09-05,2028-09-05,1,highres_1024_retry,original_512+highres_1024,CONFIRM,0,2028-09-05,0,19.871,True
900212,서현,2029-06-22,2029-06-22,1,highres_1024,original_512+rotation_270+highres_1024,CONFIRM,0,2029-06-22,0,23.844,True
900213,서현,2028-08-02,2028-08-02,1,original_512,original_512,CONFIRM,0,2028-08-02,0,4.697,True
900214,서현,2029-03-NONE,2029-03-NONE,1,original_512,original_512,MANUAL,0,2029-03-NONE,0,7.448,True
900215,서현,2029-06-17,2029-06-17,1,original_512_retry_kept,original_512+highres_1024,CHOOSE,0,2029-06-17,0,21.621,True
900216,서현,2029-07-24,NONE,0,original_no_candidate,original_512+rotation_270+highres_1024+clahe+clahe_1024,MANUAL,0,NONE,1,48.549,True
900217,서현,2029-07-15,2029-07-15,1,original_512,original_512,CONFIRM,0,2029-07-15,0,4.907,True
900218,서현,2027-11-30,2027-11-30,1,original_512_retry_kept,original_512+highres_1024,CHOOSE,0,2027-11-30,0,24.441,True
900219,서현,2029-05-17,2029-05-17,1,rotation_270,original_512+rotation_270,CHOOSE,0,2029-05-17,0,11.179,True
900220,서현,2029-07-30,2029-07-30,1,original_512,original_512,CONFIRM,0,2029-07-30,0,4.676,True
900221,서현,2029-07-19,2029-07-19,1,clahe_1024,original_512+rotation_270+highres_1024+clahe+clahe_1024,RECHECK,0,NONE,1,43.996,True
900222,서현,2028-10-01,2029-03-01,0,highres_1024_retry,original_512+highres_1024,CHOOSE,1,2029-03-01,0,22.529,True
900223,서현,2029-06-14,2029-06-14,1,original_512,original_512,CONFIRM,0,2029-06-14,0,4.79,True
900224,서현,2029-07-19,2029-07-19,1,original_512,original_512,CONFIRM,0,2029-07-19,0,7.139,True
900225,서현,2029-08-02,2029-08-NONE,0,highres_1024_retry,original_512+highres_1024,MANUAL,0,2029-08-NONE,0,26.343,True
900226,서현,2029-07-05,2029-07-05,1,original_512,original_512,CONFIRM,0,2029-07-05,0,5.169,True
900227,서현,2029-01-22,2029-01-22,1,rotation_270,original_512+rotation_270,CONFIRM,0,2029-01-22,0,11.856,True
900228,서현,2028-05-24,2028-05-24,1,highres_1024,original_512+rotation_270+highres_1024,CONFIRM,0,2028-05-24,0,33.825,True
900229,서현,2029-07-15,2029-07-15,1,highres_1024_retry,original_512+highres_1024,CONFIRM,0,2029-07-15,0,21.1,True
900230,서현,2029-01-22,2029-01-22,1,clahe,original_512+rotation_270+highres_1024+clahe,RECHECK,0,2029-01-22,0,38.312,True
900231,서현,2028-09-22,2028-09-22,1,original_512,original_512,CONFIRM,0,2028-09-22,0,6.573,True
900232,서현,2028-07-NONE,2028-07-NONE,1,rotation_270,original_512+rotation_270,MANUAL,0,2028-07-NONE,0,12.704,True
900233,서현,2029-08-07,2029-08-07,1,original_512,original_512,CONFIRM,0,2029-08-07,0,6.539,True
900234,서현,2027-10-01,2027-10-01,1,highres_1024,original_512+rotation_270+highres_1024,CONFIRM,0,2027-10-01,0,35.492,True
900235,서현,2028-02-13,2028-02-13,1,original_512,original_512,CONFIRM,0,2028-02-13,0,7.182,True
900236,서현,2028-11-17,2028-11-17,1,rotation_270,original_512+rotation_270,CONFIRM,0,2028-11-17,0,9.641,True
900237,서현,2028-07-01,2028-07-01,1,original_512,original_512,CONFIRM,0,2028-07-01,0,6.353,True
900238,서현,2027-07-16,2027-07-16,1,original_512,original_512,CONFIRM,0,2027-07-16,0,6.579,True
900239,서현,2027-06-28,2027-06-28,1,original_512,original_512,CONFIRM,0,2027-06-28,0,5.574,True
900240,서현,2027-08-09,2027-08-09,1,original_512,original_512,CONFIRM,0,2027-08-09,0,7.869,True
900241,서현,2027-03-NONE,2027-03-NONE,1,original_512,original_512,MANUAL,0,2027-03-NONE,0,8.357,True
900242,서현,2027-04-28,2027-04-28,1,highres_1024,original_512+rotation_270+highres_1024,CONFIRM,0,2027-04-28,0,32.207,True
900243,서현,2028-04-08,2028-04-08,1,highres_1024_retry,original_512+highres_1024,CONFIRM,0,2028-04-08,0,24.353,True
900244,서현,2027-08-06,NONE,0,original_no_candidate,original_512+rotation_270+highres_1024+clahe+clahe_1024,MANUAL,0,NONE,1,49.406,True
900245,서현,2027-11-20,2027-11-20,1,original_512,original_512,CONFIRM,0,2027-11-20,0,5.481,True
900246,서현,2027-06-10,2027-06-10,1,original_512,original_512,CONFIRM,0,2027-06-10,0,5.288,True
900247,서현,2027-09-01,2027-09-01,1,original_512,original_512,CONFIRM,0,2027-09-01,0,4.746,True
900248,서현,2027-06-16,2027-06-16,1,original_512,original_512,CONFIRM,0,2027-06-16,0,5.529,True
900249,서현,2027-05-NONE,2027-05-NONE,1,highres_1024,original_512+rotation_270+highres_1024,MANUAL,0,2027-05-NONE,0,27.184,True
900250,서현,2028-10-27,2028-10-27,1,original_512,original_512,CONFIRM,0,2028-10-27,0,6.041,True
900251,서현,2029-05-17,2029-05-17,1,original_512,original_512,CONFIRM,0,2029-05-17,0,8.228,True
900252,서현,2029-03-02,2029-03-02,1,highres_1024_retry,original_512+highres_1024,CHOOSE,0,2029-03-02,0,24.452,True
900253,서현,2030-05-01,2030-05-01,1,original_512,original_512,CONFIRM,0,2030-05-01,0,4.793,True
900254,서현,2025-10-08,2025-10-08,1,highres_1024_retry,original_512+highres_1024,RECHECK,0,2025-10-08,0,23.321,True
900255,서현,2029-07-29,NONE,0,original_no_candidate,original_512+rotation_270+highres_1024+clahe+clahe_1024,MANUAL,0,NONE,1,54.841,True
900256,서현,2031-02-NONE,2031-02-NONE,1,highres_1024,original_512+rotation_270+highres_1024,MANUAL,0,2031-02-NONE,0,32.047,True
900257,서현,2029-07-07,2029-07-07,1,original_512,original_512,CONFIRM,0,2029-07-07,0,9.086,True
900258,서현,2029-05-06,2029-05-06,1,original_512,original_512,CONFIRM,0,2029-05-06,0,6.685,True
900259,서현,NONE,2026-05-NONE,0,original_512,original_512,MANUAL,0,2026-05-NONE,0,5.54,True
900260,서현,2029-06-16,2029-06-16,1,original_512_retry_kept,original_512+highres_1024,CHOOSE,0,2029-06-16,0,25.689,True
900261,서현,2030-06-16,2030-06-16,1,original_512,original_512,CONFIRM,0,2030-06-16,0,5.786,True
900262,서현,2029-06-28,NONE,0,original_no_candidate,original_512+rotation_270+highres_1024+clahe+clahe_1024,MANUAL,0,NONE,1,69.953,True
900263,서현,2029-07-23,2029-07-23,1,original_512,original_512,CONFIRM,0,2029-07-23,0,6.746,True
900264,서현,2029-09-03,2029-09-03,1,rotation_270,original_512+rotation_270,CONFIRM,0,2029-09-03,0,10.861,True
900265,서현,2029-05-22,2029-05-22,1,original_512,original_512,CONFIRM,0,2029-05-22,0,5.163,True
900266,서현,2029-07-06,2026-07-07,0,original_512,original_512,CONFIRM,0,2026-07-07,0,5.801,True
900267,서현,2029-08-06,2029-08-06,1,original_512,original_512,CONFIRM,0,2029-08-06,0,4.783,True
900268,서현,2029-04-05,2029-04-05,1,original_512,original_512,CONFIRM,0,2029-04-05,0,5.174,True
900269,서현,2029-03-15,2029-03-15,1,original_512_retry_kept,original_512+highres_1024,RECHECK,0,2029-03-15,0,22.445,True
900270,서현,2028-02-19,NONE,0,original_no_candidate,original_512+rotation_270+highres_1024+clahe+clahe_1024,MANUAL,0,NONE,1,53.282,True
900271,서현,2029-01-26,2029-01-26,1,highres_1024_retry,original_512+highres_1024,CONFIRM,0,2029-01-26,0,26.179,True
900272,서현,2029-02-02,2029-02-02,1,original_512,original_512,CONFIRM,0,2029-02-02,0,4.82,True
900273,서현,2029-04-09,2029-04-09,1,original_512,original_512,CONFIRM,0,2029-04-09,0,6.22,True
900274,서현,2029-02-18,2029-02-18,1,highres_1024_retry,original_512+highres_1024,CONFIRM,0,2029-02-18,0,20.763,True
900275,서현,2029-01-NONE,2029-01-NONE,1,original_512,original_512,MANUAL,0,2029-01-NONE,0,8.147,True
900276,서현,2029-01-NONE,2029-01-NONE,1,original_512,original_512,MANUAL,0,2029-01-NONE,0,5.49,True
900277,서현,2028-09-17,2028-09-17,1,original_512,original_512,CONFIRM,0,2028-09-17,0,7.772,True
900278,서현,2028-11-03,NONE,0,original_no_candidate,original_512+rotation_270+highres_1024+clahe+clahe_1024,MANUAL,0,NONE,1,54.849,True
900279,서현,2029-03-26,2029-07-10,0,original_512_retry_kept,original_512+highres_1024,CHOOSE,1,2029-07-10,0,24.446,True
900280,서현,2028-06-25,2028-06-25,1,highres_1024,original_512+rotation_270+highres_1024,CONFIRM,0,2028-06-25,0,24.3,True
900281,서현,2029-02-25,2029-02-25,1,highres_1024_retry,original_512+highres_1024,RECHECK,0,2029-02-25,0,20.479,True
900282,서현,2028-10-29,2028-10-29,1,original_512,original_512,CONFIRM,0,2028-10-29,0,4.791,True
900283,서현,2029-09-08,2029-09-08,1,original_512,original_512,CONFIRM,0,2029-09-08,0,5.197,True
900284,서현,2029-03-22,2029-03-22,1,highres_1024_retry,original_512+highres_1024,CHOOSE,0,2029-03-22,0,24.17,True
900285,서현,2028-09-04,NONE,0,original_no_candidate,original_512+rotation_270+highres_1024+clahe+clahe_1024,MANUAL,0,NONE,1,43.287,True
900286,서현,2027-03-06,2027-03-06,1,original_512,original_512,CONFIRM,0,2027-03-06,0,5.228,True
900287,서현,2029-03-30,2029-03-30,1,original_512,original_512,CONFIRM,0,2029-03-30,0,5.806,True
900288,서현,2029-08-07,2029-08-07,1,original_512,original_512,CONFIRM,0,2029-08-07,0,6.445,True
900289,서현,2028-12-13,2028-12-13,1,original_512,original_512,CONFIRM,0,2028-12-13,0,6.66,True
900290,서현,2029-06-30,2029-06-30,1,clahe_1024,original_512+rotation_270+highres_1024+clahe+clahe_1024,CONFIRM,0,NONE,1,51.905,True
900291,서현,2029-07-09,2026-06-NONE,0,original_512,original_512,MANUAL,0,2026-06-NONE,0,7.862,True
900292,서현,2029-07-10,2029-07-10,1,original_512,original_512,CONFIRM,0,2029-07-10,0,6.033,True
900293,서현,2029-08-06,2029-08-06,1,original_512,original_512,CONFIRM,0,2029-08-06,0,10.192,True
900294,서현,2029-04-02,2029-04-02,1,original_512,original_512,CONFIRM,0,2029-04-02,0,6.579,True
900295,서현,2028-09-30,NONE,0,original_no_candidate,original_512+rotation_270+highres_1024+clahe+clahe_1024,MANUAL,0,NONE,1,47.42,True
900296,서현,2029-05-18,2025-05-18,0,highres_1024_retry,original_512+highres_1024,CONFIRM,0,2025-05-18,0,24.096,True
900297,서현,2028-06-10,2028-06-10,1,original_512,original_512,CONFIRM,0,2028-06-10,0,4.968,True
900298,서현,2028-06-14,2028-06-14,1,original_512,original_512,CONFIRM,0,2028-06-14,0,4.474,True
900299,서현,2028-03-12,2028-03-12,1,original_512_retry_kept,original_512+highres_1024,RECHECK,0,2028-03-12,0,25.61,True
900300,서현,2029-01-20,2029-01-20,1,original_512,original_512,CONFIRM,0,2029-01-20,0,3.995,True
