cohort,policy,image_id,truth,old_prediction,new_prediction,old_correct,new_correct,attempts
official_300,current_cascade,000763,NONE-11-12,NONE,NONE-11-12,False,True,original_512|rotation_270|highres_1024|clahe
official_300,current_cascade,002899,2021-11-09,2021-11-NONE,2021-11-09,False,True,original_512|rotation_270|highres_1024|clahe
official_300,current_cascade,001955,2021-10-NONE,NONE,2021-10-NONE,False,True,original_512|rotation_270|highres_1024|clahe
official_300,frozen_B_highest_q,000763,NONE-11-12,NONE,NONE-11-12,False,True,original_512|rotation_270|highres_1024|clahe
official_300,frozen_B_highest_q,002899,2021-11-09,2021-11-NONE,2021-11-09,False,True,original_512|rotation_270|highres_1024|clahe
official_300,frozen_B_highest_q,003311,2021-03-11,2019-03-NONE,2021-03-11,False,True,original_512|rotation_270|highres_1024
official_300,frozen_B_highest_q,000266,2025-12-04,2020-05-12,2025-12-04,False,True,original_512|rotation_270|highres_1024
official_300,frozen_B_highest_q,000726,2026-09-16,2026-08-16,2026-09-16,False,True,original_512|rotation_270|highres_1024
official_300,frozen_B_highest_q,001955,2021-10-NONE,NONE,2021-10-NONE,False,True,original_512|rotation_270|highres_1024|clahe
official_300,frozen_B_highest_q,002066,2020-04-30,2024-04-05,2020-04-30,False,True,original_512|rotation_270|highres_1024
official_300,previous_best269,000763,NONE-11-12,NONE,NONE-11-12,False,True,original_512|rotation_270|highres_1024|clahe
official_300,previous_best269,002899,2021-11-09,2021-11-NONE,2021-11-09,False,True,original_512|rotation_270|highres_1024|clahe
official_300,previous_best269,003311,2021-03-11,2019-03-NONE,2021-03-11,False,True,original_512|rotation_270|highres_1024
official_300,previous_best269,000266,2025-12-04,2020-05-12,2025-12-04,False,True,original_512|rotation_270|highres_1024
official_300,previous_best269,000422,2026-06-09,2025-09-10,2026-06-09,False,True,original_512|rotation_270|highres_1024
official_300,previous_best269,000726,2026-09-16,2026-08-16,2026-09-16,False,True,original_512|rotation_270|highres_1024
official_300,previous_best269,001955,2021-10-NONE,NONE,2021-10-NONE,False,True,original_512|rotation_270|highres_1024|clahe
official_300,previous_best269,002066,2020-04-30,2024-04-05,2020-04-30,False,True,original_512|rotation_270|highres_1024
official_300,previous_best269,002917,2021-04-30,2030-04-21,2021-04-30,False,True,original_512|rotation_270|highres_1024
official_300,agreement_no_anchor,000763,NONE-11-12,NONE,NONE-11-12,False,True,original_512|rotation_270|highres_1024|clahe
official_300,agreement_no_anchor,001515,2022-08-16,2022-08-18,2022-08-16,False,True,original_512|rotation_270|highres_1024
official_300,agreement_no_anchor,002899,2021-11-09,2021-11-NONE,2021-11-09,False,True,original_512|rotation_270|highres_1024|clahe
official_300,agreement_no_anchor,003311,2021-03-11,2019-03-NONE,2021-03-11,False,True,original_512|rotation_270|highres_1024
official_300,agreement_no_anchor,000266,2025-12-04,2020-05-12,2025-12-04,False,True,original_512|rotation_270|highres_1024
official_300,agreement_no_anchor,000422,2026-06-09,2025-09-10,2026-06-09,False,True,original_512|rotation_270|highres_1024
official_300,agreement_no_anchor,000726,2026-09-16,2026-08-16,2026-09-16,False,True,original_512|rotation_270|highres_1024
official_300,agreement_no_anchor,001955,2021-10-NONE,NONE,2021-10-NONE,False,True,original_512|rotation_270|highres_1024|clahe
official_300,agreement_no_anchor,002066,2020-04-30,2024-04-05,2020-04-30,False,True,original_512|rotation_270|highres_1024
official_300,agreement_no_anchor,002917,2021-04-30,2030-04-21,2021-04-30,False,True,original_512|rotation_270|highres_1024
official_300,agreement_all,000763,NONE-11-12,NONE,NONE-11-12,False,True,original_512|rotation_270|highres_1024|clahe
official_300,agreement_all,001515,2022-08-16,2022-08-18,2022-08-16,False,True,original_512|rotation_270|highres_1024
official_300,agreement_all,002899,2021-11-09,2021-11-NONE,2021-11-09,False,True,original_512|rotation_270|highres_1024|clahe
official_300,agreement_all,003311,2021-03-11,2019-03-NONE,2021-03-11,False,True,original_512|rotation_270|highres_1024
official_300,agreement_all,000266,2025-12-04,2020-05-12,2025-12-04,False,True,original_512|rotation_270|highres_1024
official_300,agreement_all,000422,2026-06-09,2025-09-10,2026-06-09,False,True,original_512|rotation_270|highres_1024
official_300,agreement_all,000726,2026-09-16,2026-08-16,2026-09-16,False,True,original_512|rotation_270|highres_1024
official_300,agreement_all,001955,2021-10-NONE,NONE,2021-10-NONE,False,True,original_512|rotation_270|highres_1024|clahe
official_300,agreement_all,002066,2020-04-30,2024-04-05,2020-04-30,False,True,original_512|rotation_270|highres_1024
official_300,agreement_all,002917,2021-04-30,2030-04-21,2021-04-30,False,True,original_512|rotation_270|highres_1024
approved_69,current_cascade,000763,NONE-11-12,NONE,NONE-11-12,False,True,original_512|rotation_270|highres_1024|clahe
approved_69,current_cascade,001955,2021-10-NONE,NONE,2021-10-NONE,False,True,original_512|rotation_270|highres_1024|clahe
approved_69,frozen_B_highest_q,000763,NONE-11-12,NONE,NONE-11-12,False,True,original_512|rotation_270|highres_1024|clahe
approved_69,frozen_B_highest_q,000824,NONE-12-18,NONE-12-18,NONE-12-06,True,False,original_512|rotation_270|highres_1024
approved_69,frozen_B_highest_q,001955,2021-10-NONE,NONE,2021-10-NONE,False,True,original_512|rotation_270|highres_1024|clahe
approved_69,frozen_B_highest_q,002152,2019-07-11,2019-07-17,2019-07-01,False,False,original_512|rotation_270|highres_1024
approved_69,frozen_B_highest_q,002310,NONE-03-13,NONE-03-13,NONE-03-01,True,False,original_512|rotation_270|highres_1024
approved_69,previous_best269,000763,NONE-11-12,NONE,NONE-11-12,False,True,original_512|rotation_270|highres_1024|clahe
approved_69,previous_best269,000824,NONE-12-18,NONE-12-18,NONE-12-06,True,False,original_512|rotation_270|highres_1024
approved_69,previous_best269,001955,2021-10-NONE,NONE,2021-10-NONE,False,True,original_512|rotation_270|highres_1024|clahe
approved_69,previous_best269,002152,2019-07-11,2019-07-17,2019-07-01,False,False,original_512|rotation_270|highres_1024
approved_69,previous_best269,002310,NONE-03-13,NONE-03-13,NONE-03-01,True,False,original_512|rotation_270|highres_1024
approved_69,previous_best269,002917,2021-04-30,2030-04-21,2021-04-30,False,True,original_512|rotation_270|highres_1024
approved_69,agreement_no_anchor,000763,NONE-11-12,NONE,NONE-11-12,False,True,original_512|rotation_270|highres_1024|clahe
approved_69,agreement_no_anchor,000824,NONE-12-18,NONE-12-18,NONE-12-06,True,False,original_512|rotation_270|highres_1024
approved_69,agreement_no_anchor,001955,2021-10-NONE,NONE,2021-10-NONE,False,True,original_512|rotation_270|highres_1024|clahe
approved_69,agreement_no_anchor,002152,2019-07-11,2019-07-17,2019-07-01,False,False,original_512|rotation_270|highres_1024
approved_69,agreement_no_anchor,002310,NONE-03-13,NONE-03-13,NONE-03-01,True,False,original_512|rotation_270|highres_1024
approved_69,agreement_no_anchor,002917,2021-04-30,2030-04-21,2021-04-30,False,True,original_512|rotation_270|highres_1024
approved_69,agreement_all,000763,NONE-11-12,NONE,NONE-11-12,False,True,original_512|rotation_270|highres_1024|clahe
approved_69,agreement_all,000824,NONE-12-18,NONE-12-18,NONE-12-06,True,False,original_512|rotation_270|highres_1024
approved_69,agreement_all,001955,2021-10-NONE,NONE,2021-10-NONE,False,True,original_512|rotation_270|highres_1024|clahe
approved_69,agreement_all,002152,2019-07-11,2019-07-17,2019-07-01,False,False,original_512|rotation_270|highres_1024
approved_69,agreement_all,002310,NONE-03-13,NONE-03-13,NONE-03-01,True,False,original_512|rotation_270|highres_1024
approved_69,agreement_all,002917,2021-04-30,2030-04-21,2021-04-30,False,True,original_512|rotation_270|highres_1024
historical_independent_195_reused,frozen_B_highest_q,002066,2020-04-30,2024-04-05,2020-04-30,False,True,original_512|rotation_270|highres_1024
historical_independent_195_reused,previous_best269,002066,2020-04-30,2024-04-05,2020-04-30,False,True,original_512|rotation_270|highres_1024
historical_independent_195_reused,previous_best269,002917,2021-04-30,2030-04-21,2021-04-30,False,True,original_512|rotation_270|highres_1024
historical_independent_195_reused,agreement_no_anchor,002066,2020-04-30,2024-04-05,2020-04-30,False,True,original_512|rotation_270|highres_1024
historical_independent_195_reused,agreement_no_anchor,002917,2021-04-30,2030-04-21,2021-04-30,False,True,original_512|rotation_270|highres_1024
historical_independent_195_reused,agreement_all,002066,2020-04-30,2024-04-05,2020-04-30,False,True,original_512|rotation_270|highres_1024
historical_independent_195_reused,agreement_all,002917,2021-04-30,2030-04-21,2021-04-30,False,True,original_512|rotation_270|highres_1024
all_701_provisional,current_cascade,000763,NONE-11-12,NONE,NONE-11-12,False,True,original_512|rotation_270|highres_1024|clahe
all_701_provisional,current_cascade,001955,2021-10-NONE,NONE,2021-10-NONE,False,True,original_512|rotation_270|highres_1024|clahe
all_701_provisional,current_cascade,002899,2021-11-09,2021-11-NONE,2021-11-09,False,True,original_512|rotation_270|highres_1024|clahe
all_701_provisional,frozen_B_highest_q,000071,2027-07-20,2027-07-20,2025-07-21,True,False,original_512|rotation_270|highres_1024
all_701_provisional,frozen_B_highest_q,000214,2026-08-13,2026-08-01,2026-08-13,False,True,original_512|rotation_270|highres_1024
all_701_provisional,frozen_B_highest_q,000266,2025-12-04,2020-05-12,2025-12-04,False,True,original_512|rotation_270|highres_1024
all_701_provisional,frozen_B_highest_q,000386,2026-06-10,2025-06-11,2026-06-10,False,True,original_512|rotation_270|highres_1024
all_701_provisional,frozen_B_highest_q,000726,2026-09-16,2026-08-16,2026-09-16,False,True,original_512|rotation_270|highres_1024
all_701_provisional,frozen_B_highest_q,000763,NONE-11-12,NONE,NONE-11-12,False,True,original_512|rotation_270|highres_1024|clahe
all_701_provisional,frozen_B_highest_q,000824,NONE-12-18,NONE-12-18,NONE-12-06,True,False,original_512|rotation_270|highres_1024
all_701_provisional,frozen_B_highest_q,001548,2022-09-28,2020-09-29,2029-09-20,False,False,original_512|rotation_270|highres_1024
all_701_provisional,frozen_B_highest_q,001768,2021-06-29,2021-06-29,2020-12-30,True,False,original_512|rotation_270|highres_1024
all_701_provisional,frozen_B_highest_q,001955,2021-10-NONE,NONE,2021-10-NONE,False,True,original_512|rotation_270|highres_1024|clahe
all_701_provisional,frozen_B_highest_q,002066,2020-04-30,2024-04-05,2020-04-30,False,True,original_512|rotation_270|highres_1024
all_701_provisional,frozen_B_highest_q,002152,2019-07-11,2019-07-17,2019-07-01,False,False,original_512|rotation_270|highres_1024
all_701_provisional,frozen_B_highest_q,002310,NONE-03-13,NONE-03-13,NONE-03-01,True,False,original_512|rotation_270|highres_1024
all_701_provisional,frozen_B_highest_q,002588,2023-10-15,2020-10-NONE,2020-10-15,False,False,original_512|rotation_270|highres_1024
all_701_provisional,frozen_B_highest_q,002899,2021-11-09,2021-11-NONE,2021-11-09,False,True,original_512|rotation_270|highres_1024|clahe
all_701_provisional,frozen_B_highest_q,003245,2021-09-20,2021-09-20,2020-09-20,True,False,original_512|rotation_270|highres_1024
all_701_provisional,frozen_B_highest_q,003311,2021-03-11,2019-03-NONE,2021-03-11,False,True,original_512|rotation_270|highres_1024
all_701_provisional,previous_best269,000071,2027-07-20,2027-07-20,2025-07-21,True,False,original_512|rotation_270|highres_1024
all_701_provisional,previous_best269,000214,2026-08-13,2026-08-01,2026-08-13,False,True,original_512|rotation_270|highres_1024
all_701_provisional,previous_best269,000266,2025-12-04,2020-05-12,2025-12-04,False,True,original_512|rotation_270|highres_1024
all_701_provisional,previous_best269,000386,2026-06-10,2025-06-11,2026-06-10,False,True,original_512|rotation_270|highres_1024
all_701_provisional,previous_best269,000422,2026-06-09,2025-09-10,2026-06-09,False,True,original_512|rotation_270|highres_1024
all_701_provisional,previous_best269,000697,2025-10-07,2025-10-07,2025-10-NONE,True,False,original_512|rotation_270|highres_1024
all_701_provisional,previous_best269,000726,2026-09-16,2026-08-16,2026-09-16,False,True,original_512|rotation_270|highres_1024
all_701_provisional,previous_best269,000763,NONE-11-12,NONE,NONE-11-12,False,True,original_512|rotation_270|highres_1024|clahe
all_701_provisional,previous_best269,000824,NONE-12-18,NONE-12-18,NONE-12-06,True,False,original_512|rotation_270|highres_1024
all_701_provisional,previous_best269,001548,2022-09-28,2020-09-29,2029-09-20,False,False,original_512|rotation_270|highres_1024
all_701_provisional,previous_best269,001768,2021-06-29,2021-06-29,2020-12-30,True,False,original_512|rotation_270|highres_1024
all_701_provisional,previous_best269,001955,2021-10-NONE,NONE,2021-10-NONE,False,True,original_512|rotation_270|highres_1024|clahe
all_701_provisional,previous_best269,002066,2020-04-30,2024-04-05,2020-04-30,False,True,original_512|rotation_270|highres_1024
all_701_provisional,previous_best269,002152,2019-07-11,2019-07-17,2019-07-01,False,False,original_512|rotation_270|highres_1024
all_701_provisional,previous_best269,002310,NONE-03-13,NONE-03-13,NONE-03-01,True,False,original_512|rotation_270|highres_1024
all_701_provisional,previous_best269,002588,2023-10-15,2020-10-NONE,2020-10-15,False,False,original_512|rotation_270|highres_1024
all_701_provisional,previous_best269,002734,2022-02-04,2022-02-04,2022-02-NONE,True,False,original_512|rotation_270|highres_1024
all_701_provisional,previous_best269,002899,2021-11-09,2021-11-NONE,2021-11-09,False,True,original_512|rotation_270|highres_1024|clahe
all_701_provisional,previous_best269,002917,2021-04-30,2030-04-21,2021-04-30,False,True,original_512|rotation_270|highres_1024
all_701_provisional,previous_best269,003245,2021-09-20,2021-09-20,2020-09-20,True,False,original_512|rotation_270|highres_1024
all_701_provisional,previous_best269,003311,2021-03-11,2019-03-NONE,2021-03-11,False,True,original_512|rotation_270|highres_1024
all_701_provisional,agreement_no_anchor,000071,2027-07-20,2027-07-20,2025-07-21,True,False,original_512|rotation_270|highres_1024
all_701_provisional,agreement_no_anchor,000214,2026-08-13,2026-08-01,2026-08-13,False,True,original_512|rotation_270|highres_1024
all_701_provisional,agreement_no_anchor,000266,2025-12-04,2020-05-12,2025-12-04,False,True,original_512|rotation_270|highres_1024
all_701_provisional,agreement_no_anchor,000386,2026-06-10,2025-06-11,2026-06-10,False,True,original_512|rotation_270|highres_1024
all_701_provisional,agreement_no_anchor,000422,2026-06-09,2025-09-10,2026-06-09,False,True,original_512|rotation_270|highres_1024
all_701_provisional,agreement_no_anchor,000697,2025-10-07,2025-10-07,2025-10-NONE,True,False,original_512|rotation_270|highres_1024
all_701_provisional,agreement_no_anchor,000726,2026-09-16,2026-08-16,2026-09-16,False,True,original_512|rotation_270|highres_1024
all_701_provisional,agreement_no_anchor,000763,NONE-11-12,NONE,NONE-11-12,False,True,original_512|rotation_270|highres_1024|clahe
all_701_provisional,agreement_no_anchor,000824,NONE-12-18,NONE-12-18,NONE-12-06,True,False,original_512|rotation_270|highres_1024
all_701_provisional,agreement_no_anchor,001515,2022-08-16,2022-08-18,2022-08-16,False,True,original_512|rotation_270|highres_1024
all_701_provisional,agreement_no_anchor,001548,2022-09-28,2020-09-29,2029-09-20,False,False,original_512|rotation_270|highres_1024
all_701_provisional,agreement_no_anchor,001768,2021-06-29,2021-06-29,2020-12-30,True,False,original_512|rotation_270|highres_1024
all_701_provisional,agreement_no_anchor,001955,2021-10-NONE,NONE,2021-10-NONE,False,True,original_512|rotation_270|highres_1024|clahe
all_701_provisional,agreement_no_anchor,002066,2020-04-30,2024-04-05,2020-04-30,False,True,original_512|rotation_270|highres_1024
all_701_provisional,agreement_no_anchor,002152,2019-07-11,2019-07-17,2019-07-01,False,False,original_512|rotation_270|highres_1024
all_701_provisional,agreement_no_anchor,002310,NONE-03-13,NONE-03-13,NONE-03-01,True,False,original_512|rotation_270|highres_1024
all_701_provisional,agreement_no_anchor,002588,2023-10-15,2020-10-NONE,2020-10-15,False,False,original_512|rotation_270|highres_1024
all_701_provisional,agreement_no_anchor,002734,2022-02-04,2022-02-04,2022-02-NONE,True,False,original_512|rotation_270|highres_1024
all_701_provisional,agreement_no_anchor,002899,2021-11-09,2021-11-NONE,2021-11-09,False,True,original_512|rotation_270|highres_1024|clahe
all_701_provisional,agreement_no_anchor,002917,2021-04-30,2030-04-21,2021-04-30,False,True,original_512|rotation_270|highres_1024
all_701_provisional,agreement_no_anchor,003245,2021-09-20,2021-09-20,2020-09-20,True,False,original_512|rotation_270|highres_1024
all_701_provisional,agreement_no_anchor,003311,2021-03-11,2019-03-NONE,2021-03-11,False,True,original_512|rotation_270|highres_1024
all_701_provisional,agreement_all,000071,2027-07-20,2027-07-20,2025-07-21,True,False,original_512|rotation_270|highres_1024
all_701_provisional,agreement_all,000214,2026-08-13,2026-08-01,2026-08-13,False,True,original_512|rotation_270|highres_1024
all_701_provisional,agreement_all,000266,2025-12-04,2020-05-12,2025-12-04,False,True,original_512|rotation_270|highres_1024
all_701_provisional,agreement_all,000386,2026-06-10,2025-06-11,2026-06-10,False,True,original_512|rotation_270|highres_1024
all_701_provisional,agreement_all,000422,2026-06-09,2025-09-10,2026-06-09,False,True,original_512|rotation_270|highres_1024
all_701_provisional,agreement_all,000697,2025-10-07,2025-10-07,2025-10-NONE,True,False,original_512|rotation_270|highres_1024
all_701_provisional,agreement_all,000726,2026-09-16,2026-08-16,2026-09-16,False,True,original_512|rotation_270|highres_1024
all_701_provisional,agreement_all,000763,NONE-11-12,NONE,NONE-11-12,False,True,original_512|rotation_270|highres_1024|clahe
all_701_provisional,agreement_all,000824,NONE-12-18,NONE-12-18,NONE-12-06,True,False,original_512|rotation_270|highres_1024
all_701_provisional,agreement_all,001515,2022-08-16,2022-08-18,2022-08-16,False,True,original_512|rotation_270|highres_1024
all_701_provisional,agreement_all,001548,2022-09-28,2020-09-29,2029-09-20,False,False,original_512|rotation_270|highres_1024
all_701_provisional,agreement_all,001768,2021-06-29,2021-06-29,2020-12-30,True,False,original_512|rotation_270|highres_1024
all_701_provisional,agreement_all,001955,2021-10-NONE,NONE,2021-10-NONE,False,True,original_512|rotation_270|highres_1024|clahe
all_701_provisional,agreement_all,002066,2020-04-30,2024-04-05,2020-04-30,False,True,original_512|rotation_270|highres_1024
all_701_provisional,agreement_all,002152,2019-07-11,2019-07-17,2019-07-01,False,False,original_512|rotation_270|highres_1024
all_701_provisional,agreement_all,002310,NONE-03-13,NONE-03-13,NONE-03-01,True,False,original_512|rotation_270|highres_1024
all_701_provisional,agreement_all,002588,2023-10-15,2020-10-NONE,2020-10-15,False,False,original_512|rotation_270|highres_1024
all_701_provisional,agreement_all,002734,2022-02-04,2022-02-04,2022-02-NONE,True,False,original_512|rotation_270|highres_1024
all_701_provisional,agreement_all,002899,2021-11-09,2021-11-NONE,2021-11-09,False,True,original_512|rotation_270|highres_1024|clahe
all_701_provisional,agreement_all,002917,2021-04-30,2030-04-21,2021-04-30,False,True,original_512|rotation_270|highres_1024
all_701_provisional,agreement_all,003245,2021-09-20,2021-09-20,2020-09-20,True,False,original_512|rotation_270|highres_1024
all_701_provisional,agreement_all,003311,2021-03-11,2019-03-NONE,2021-03-11,False,True,original_512|rotation_270|highres_1024
