variant,cohort,policy,n,old_correct,correct,gains,regressions,net_gain,vs_same_policy_gains,vs_same_policy_regressions,vs_same_policy_net_gain,vs_new_baseline_gains,vs_new_baseline_regressions,vs_new_baseline_net_gain,original_512,rotation_270,highres_1024,clahe,attempt_delta_original_512,attempt_delta_rotation_270,attempt_delta_highres_1024,attempt_delta_clahe,projected_500_ocr_seconds
implemented,official_300,current_cascade,300,264,267,3,0,3,3,0,3,0,0,0,300,46,39,27,0,0,0,0,1052.7943551663823
implemented,official_300,frozen_B_highest_q,300,264,271,7,0,7,3,0,3,4,0,4,300,96,89,27,0,0,0,0,1415.3033776664477
implemented,official_300,previous_best269,300,264,273,9,0,9,3,0,3,6,0,6,300,174,97,27,0,0,0,0,1627.695854999838
implemented,official_300,agreement_no_anchor,300,264,274,10,0,10,3,0,3,7,0,7,300,240,103,27,0,0,0,0,1780.2147458333397
implemented,official_300,agreement_all,300,264,274,10,0,10,3,0,3,7,0,7,300,300,105,27,0,0,0,0,1911.9315556666938
implemented,approved_69,current_cascade,69,54,56,2,0,2,2,0,2,0,0,0,69,16,14,12,0,0,0,0,1279.4776318840086
implemented,approved_69,frozen_B_highest_q,69,54,54,2,2,0,2,0,2,0,2,-2,69,27,25,12,0,0,0,0,1620.5105405799418
implemented,approved_69,previous_best269,69,54,55,3,2,1,2,0,2,1,2,-1,69,34,27,12,0,0,0,0,1772.7362181161668
implemented,approved_69,agreement_no_anchor,69,54,55,3,2,1,2,0,2,1,2,-1,69,50,28,12,0,0,0,0,1932.6812318843397
implemented,approved_69,agreement_all,69,54,55,3,2,1,2,0,2,1,2,-1,69,69,28,12,0,0,0,0,2114.376704347956
implemented,historical_independent_195_reused,current_cascade,195,192,192,0,0,0,0,0,0,0,0,0,195,0,0,0,0,0,0,0,732.0567410253436
implemented,historical_independent_195_reused,frozen_B_highest_q,195,192,193,1,0,1,0,0,0,1,0,1,195,37,37,0,0,0,0,0,1169.1308082049661
implemented,historical_independent_195_reused,previous_best269,195,192,194,2,0,2,0,0,0,2,0,2,195,100,40,0,0,0,0,0,1409.6849643589499
implemented,historical_independent_195_reused,agreement_no_anchor,195,192,194,2,0,2,0,0,0,2,0,2,195,148,44,0,0,0,0,0,1582.759720769275
implemented,historical_independent_195_reused,agreement_all,195,192,194,2,0,2,0,0,0,2,0,2,195,195,45,0,0,0,0,0,1738.0741535897519
implemented,all_701_provisional,current_cascade,701,580,583,3,0,3,3,0,3,0,0,0,701,123,112,82,0,0,0,0,1106.5762173322464
implemented,all_701_provisional,frozen_B_highest_q,701,580,584,9,5,4,3,0,3,6,5,1,701,263,252,82,0,1,1,0,1529.1045069186841
implemented,all_701_provisional,previous_best269,701,580,584,11,7,4,3,0,3,8,7,1,701,425,267,82,0,0,0,0,2478.9282194723173
implemented,all_701_provisional,agreement_no_anchor,701,580,585,12,7,5,3,0,3,9,7,2,701,565,275,82,0,0,0,0,2608.159466476649
implemented,all_701_provisional,agreement_all,701,580,585,12,7,5,3,0,3,9,7,2,701,701,278,82,0,0,0,0,2747.3749955065787
