image_id,year,month,day,final_date
7,2026,06,25,2026-06-25
15,2026,03,01,2026-03-01
18,2026,04,24,2026-04-24
21,2025,10,10,2025-10-10
22,2025,10,14,2025-10-14
26,2025,11,13,2025-11-13
30,2028,08,17,2028-08-17
36,2026,08,26,2026-08-26
44,2026,02,07,2026-02-07
50,2025,09,30,2025-09-30
53,2025,12,20,2025-12-20
58,2027,03,27,2027-03-27
60,2026,04,30,2026-04-30
63,2026,06,16,2026-06-16
71,2027,07,20,2027-07-20
75,2026,01,06,2026-01-06
79,2026,01,31,2026-01-31
83,2026,07,01,2026-07-01
90,2026,09,01,2026-09-01
99,2026,03,07,2026-03-07
106,NONE,10,20,NONE-10-20
110,2025,10,29,2025-10-29
118,2026,03,23,2026-03-23
124,2026,01,02,2026-01-02
127,2026,04,27,2026-04-27
129,2026,01,09,2026-01-09
131,2026,08,05,2026-08-05
133,2025,11,25,2025-11-25
135,2026,04,18,2026-04-18
137,2026,03,26,2026-03-26
138,2026,05,14,2026-05-14
139,2026,07,26,2026-07-26
140,2026,07,14,2026-07-14
143,2027,09,06,2027-09-06
148,2026,02,26,2026-02-26
157,2027,07,08,2027-07-08
160,2026,10,27,2026-10-27
164,2026,04,27,2026-04-27
172,2026,06,10,2026-06-10
178,2026,06,25,2026-06-25
182,2026,10,01,2026-10-01
184,2027,11,19,2027-11-19
189,2026,08,25,2026-08-25
190,2026,11,22,2026-11-22
194,2027,04,23,2027-04-23
198,2026,05,08,2026-05-08
208,2026,04,13,2026-04-13
214,2026,08,13,2026-08-13
225,2026,04,06,2026-04-06
226,2027,03,15,2027-03-15
227,2028,09,17,2028-09-17
230,2026,03,28,2026-03-28
231,2028,05,27,2028-05-27
232,2027,11,26,2027-11-26
233,2028,01,18,2028-01-18
241,2027,08,10,2027-08-10
245,2026,02,24,2026-02-24
247,2026,05,20,2026-05-20
250,2026,03,04,2026-03-04
251,2026,02,24,2026-02-24
260,2027,04,01,2027-04-01
266,2025,12,04,2025-12-04
268,2026,07,14,2026-07-14
275,2026,04,23,2026-04-23
280,2026,03,23,2026-03-23
283,2027,09,17,2027-09-17
287,2027,02,18,2027-02-18
292,2026,02,13,2026-02-13
296,2026,07,28,2026-07-28
299,2026,05,13,2026-05-13
304,2026,06,01,2026-06-01
311,2026,08,09,2026-08-09
321,2025,10,29,2025-10-29
324,2027,05,15,2027-05-15
327,2025,10,21,2025-10-21
331,2025,10,31,2025-10-31
336,2025,11,20,2025-11-20
342,2026,06,22,2026-06-22
350,2027,05,15,2027-05-15
352,2026,08,27,2026-08-27
366,2026,09,05,2026-09-05
368,2026,09,22,2026-09-22
377,2026,07,01,2026-07-01
378,2026,05,29,2026-05-29
382,2026,08,18,2026-08-18
383,2026,04,03,2026-04-03
384,2026,07,08,2026-07-08
386,2026,06,10,2026-06-10
390,2026,05,19,2026-05-19
396,2026,02,27,2026-02-27
400,2026,01,11,2026-01-11
406,2026,08,27,2026-08-27
415,2026,05,27,2026-05-27
416,2026,04,07,2026-04-07
421,2026,07,17,2026-07-17
422,2026,06,09,2026-06-09
423,2026,06,04,2026-06-04
426,2026,12,26,2026-12-26
432,2027,04,28,2027-04-28
438,2026,02,19,2026-02-19
440,2026,08,13,2026-08-13
447,2025,11,22,2025-11-22
453,2026,01,26,2026-01-26
462,2027,05,27,2027-05-27
463,2027,02,14,2027-02-14
466,2027,06,07,2027-06-07
468,2026,04,06,2026-04-06
469,2026,07,21,2026-07-21
473,2026,05,21,2026-05-21
485,2027,09,17,2027-09-17
486,2027,07,15,2027-07-15
492,2026,03,12,2026-03-12
493,2026,06,17,2026-06-17
503,2026,02,18,2026-02-18
512,2026,02,17,2026-02-17
515,2026,01,NONE,2026-01-NONE
516,2026,07,16,2026-07-16
522,2026,02,21,2026-02-21
538,2026,02,06,2026-02-06
545,2027,07,09,2027-07-09
548,2026,05,26,2026-05-26
553,2022,10,24,2022-10-24
561,2028,08,07,2028-08-07
566,2026,09,17,2026-09-17
574,2026,02,24,2026-02-24
580,2026,02,28,2026-02-28
582,2025,11,21,2025-11-21
591,2026,07,27,2026-07-27
604,2026,09,15,2026-09-15
612,2026,05,07,2026-05-07
616,2026,09,10,2026-09-10
629,2025,09,22,2025-09-22
634,2026,02,05,2026-02-05
637,2026,06,17,2026-06-17
643,2026,01,21,2026-01-21
645,2026,05,13,2026-05-13
648,2026,08,25,2026-08-25
653,2027,01,19,2027-01-19
658,2026,01,16,2026-01-16
663,2026,02,10,2026-02-10
673,2026,06,02,2026-06-02
677,2027,08,17,2027-08-17
678,2026,07,24,2026-07-24
682,2026,01,25,2026-01-25
684,2026,03,23,2026-03-23
686,2025,10,12,2025-10-12
690,2025,10,11,2025-10-11
694,2026,09,01,2026-09-01
697,2025,10,07,2025-10-07
703,2026,01,25,2026-01-25
707,2026,08,19,2026-08-19
715,2026,06,26,2026-06-26
719,2026,04,04,2026-04-04
722,2026,08,04,2026-08-04
725,2026,04,16,2026-04-16
726,2026,09,16,2026-09-16
729,2026,01,07,2026-01-07
735,2027,01,12,2027-01-12
740,2026,07,23,2026-07-23
749,2026,01,21,2026-01-21
752,2026,07,09,2026-07-09
762,2026,08,02,2026-08-02
763,NONE,11,12,NONE-11-12
770,2030,04,NONE,2030-04-NONE
775,2025,12,17,2025-12-17
777,2026,03,NONE,2026-03-NONE
778,2026,06,22,2026-06-22
789,NONE,12,19,NONE-12-19
795,2026,07,14,2026-07-14
803,2026,09,13,2026-09-13
811,2026,03,31,2026-03-31
820,2026,05,18,2026-05-18
824,NONE,12,18,NONE-12-18
832,2026,07,16,2026-07-16
839,2026,01,03,2026-01-03
843,2026,06,17,2026-06-17
844,2026,07,03,2026-07-03
845,2026,06,17,2026-06-17
848,2026,05,21,2026-05-21
850,2026,08,09,2026-08-09
851,2026,06,30,2026-06-30
853,2026,09,24,2026-09-24
859,2021,10,20,2021-10-20
862,2021,10,22,2021-10-22
864,2023,03,04,2023-03-04
877,2023,04,03,2023-04-03
879,2021,05,11,2021-05-11
880,2021,05,11,2021-05-11
892,2022,02,07,2022-02-07
893,2022,02,07,2022-02-07
901,2021,11,01,2021-11-01
905,2022,01,NONE,2022-01-NONE
907,2022,01,NONE,2022-01-NONE
909,2021,09,20,2021-09-20
910,2021,09,20,2021-09-20
912,2022,05,05,2022-05-05
913,2021,10,19,2021-10-19
916,2022,06,06,2022-06-06
919,2022,03,11,2022-03-11
920,2022,03,11,2022-03-11
922,2022,02,26,2022-02-26
933,2021,05,26,2021-05-26
949,2021,10,24,2021-10-24
953,2021,02,05,2021-02-05
954,2021,02,05,2021-02-05
955,2022,01,25,2022-01-25
957,2021,02,22,2021-02-22
965,2021,07,23,2021-07-23
967,2022,10,17,2022-10-17
977,2021,11,03,2021-11-03
978,2021,11,03,2021-11-03
983,2021,08,20,2021-08-20
994,NONE,02,18,NONE-02-18
1000,2021,09,07,2021-09-07
1009,2022,11,24,2022-11-24
1014,2022,01,11,2022-01-11
1016,2021,02,21,2021-02-21
1028,2021,07,07,2021-07-07
1030,2022,10,NONE,2022-10-NONE
1034,2021,06,28,2021-06-28
1035,2021,10,07,2021-10-07
1042,2021,09,13,2021-09-13
1055,2022,08,10,2022-08-10
1056,2022,05,27,2022-05-27
1061,2022,07,04,2022-07-04
1067,2021,12,06,2021-12-06
1070,NONE,01,24,NONE-01-24
1071,NONE,01,24,NONE-01-24
1075,2021,09,30,2021-09-30
1084,2021,07,09,2021-07-09
1087,2022,06,14,2022-06-14
1095,2022,01,12,2022-01-12
1097,2021,06,11,2021-06-11
1103,2021,03,14,2021-03-14
1104,2021,08,26,2021-08-26
1108,2021,02,28,2021-02-28
1113,2023,11,15,2023-11-15
1116,2022,01,12,2022-01-12
1123,2021,10,09,2021-10-09
1131,NONE,02,12,NONE-02-12
1141,2022,03,14,2022-03-14
1142,2021,06,28,2021-06-28
1155,2021,09,21,2021-09-21
1157,2021,02,07,2021-02-07
1172,2021,09,NONE,2021-09-NONE
1173,2021,09,NONE,2021-09-NONE
1175,2021,09,07,2021-09-07
1180,2023,09,01,2023-09-01
1183,2021,10,08,2021-10-08
1184,2021,10,08,2021-10-08
1185,2021,09,28,2021-09-28
1188,2020,04,23,2020-04-23
1189,2019,06,28,2019-06-28
1191,2020,12,08,2020-12-08
1197,2021,10,10,2021-10-10
1199,2021,10,20,2021-10-20
1205,2021,05,NONE,2021-05-NONE
1214,2021,05,15,2021-05-15
1220,2021,01,14,2021-01-14
1225,2022,06,27,2022-06-27
1227,2022,01,11,2022-01-11
1231,2021,05,05,2021-05-05
1239,2020,12,19,2020-12-19
1248,2021,07,15,2021-07-15
1270,2021,10,11,2021-10-11
1277,2021,11,04,2021-11-04
1289,2024,11,21,2024-11-21
1290,2024,11,21,2024-11-21
1294,2021,11,NONE,2021-11-NONE
1295,2021,11,NONE,2021-11-NONE
1311,2022,10,20,2022-10-20
1315,2021,12,09,2021-12-09
1317,2022,12,07,2022-12-07
1321,2022,02,15,2022-02-15
1336,2021,07,04,2021-07-04
1380,2021,04,09,2021-04-09
1384,2018,09,NONE,2018-09-NONE
1388,2021,07,17,2021-07-17
1393,2022,07,14,2022-07-14
1394,2021,09,01,2021-09-01
1399,2021,07,23,2021-07-23
1404,2021,01,27,2021-01-27
1406,2021,07,31,2021-07-31
1409,2021,12,16,2021-12-16
1413,2021,07,23,2021-07-23
1426,2020,04,17,2020-04-17
1427,2020,08,12,2020-08-12
1428,2020,08,12,2020-08-12
1438,2021,08,29,2021-08-29
1450,2022,04,26,2022-04-26
1455,2022,01,02,2022-01-02
1471,2021,12,29,2021-12-29
1472,2022,02,17,2022-02-17
1500,2021,09,23,2021-09-23
1502,2021,06,24,2021-06-24
1515,2022,08,16,2022-08-16
1525,2021,06,25,2021-06-25
1528,2021,06,25,2021-06-25
1529,2021,02,11,2021-02-11
1539,2022,01,18,2022-01-18
1548,2022,09,28,2022-09-28
1554,2020,06,03,2020-06-03
1556,2022,03,16,2022-03-16
1572,2021,06,11,2021-06-11
1587,2021,04,27,2021-04-27
1623,2022,01,14,2022-01-14
1642,2022,03,19,2022-03-19
1646,2021,10,12,2021-10-12
1657,2021,01,16,2021-01-16
1658,2021,10,20,2021-10-20
1665,2021,01,28,2021-01-28
1673,2021,05,19,2021-05-19
1675,2021,03,15,2021-03-15
1677,2021,11,28,2021-11-28
1679,2021,03,16,2021-03-16
1681,2022,10,22,2022-10-22
1682,2022,10,22,2022-10-22
1683,2021,11,14,2021-11-14
1684,2021,11,14,2021-11-14
1685,2021,11,29,2021-11-29
1686,2020,11,27,2020-11-27
1689,2021,07,21,2021-07-21
1695,2022,07,01,2022-07-01
1697,2022,06,23,2022-06-23
1701,2021,10,27,2021-10-27
1703,2021,07,16,2021-07-16
1705,2021,06,04,2021-06-04
1706,2021,06,04,2021-06-04
1710,2021,10,15,2021-10-15
1711,2021,10,15,2021-10-15
1714,2021,08,09,2021-08-09
1716,2021,02,07,2021-02-07
1718,2021,02,08,2021-02-08
1720,2021,03,11,2021-03-11
1721,2021,07,06,2021-07-06
1723,2021,05,13,2021-05-13
1728,2021,02,08,2021-02-08
1730,2021,10,02,2021-10-02
1733,2022,11,18,2022-11-18
1734,2022,01,20,2022-01-20
1737,2021,02,08,2021-02-08
1739,2022,01,05,2022-01-05
1741,2022,11,01,2022-11-01
1742,2021,10,26,2021-10-26
1745,2022,01,28,2022-01-28
1746,2021,10,12,2021-10-12
1747,2021,10,12,2021-10-12
1749,2019,07,03,2019-07-03
1751,2021,06,28,2021-06-28
1752,2022,01,10,2022-01-10
1755,2021,12,05,2021-12-05
1757,2023,03,09,2023-03-09
1760,2021,04,24,2021-04-24
1766,2021,09,10,2021-09-10
1768,2021,06,29,2021-06-29
1771,2019,10,18,2019-10-18
1773,2020,08,07,2020-08-07
1780,2020,09,01,2020-09-01
1782,2022,10,01,2022-10-01
1784,2021,06,13,2021-06-13
1785,2021,09,19,2021-09-19
1793,2021,11,07,2021-11-07
1799,2021,10,14,2021-10-14
1800,2021,01,14,2021-01-14
1802,2021,05,03,2021-05-03
1806,2020,11,09,2020-11-09
1812,2021,03,26,2021-03-26
1815,2022,06,07,2022-06-07
1818,2022,01,18,2022-01-18
1819,2022,01,18,2022-01-18
1823,2021,06,09,2021-06-09
1828,2021,11,28,2021-11-28
1830,2020,12,NONE,2020-12-NONE
1837,2021,10,02,2021-10-02
1839,2021,10,15,2021-10-15
1845,2021,11,23,2021-11-23
1851,2021,12,16,2021-12-16
1852,2022,08,13,2022-08-13
1855,2023,10,28,2023-10-28
1857,2022,07,17,2022-07-17
1858,2022,07,17,2022-07-17
1860,2022,07,08,2022-07-08
1862,2023,06,18,2023-06-18
1867,2022,07,NONE,2022-07-NONE
1868,2022,07,NONE,2022-07-NONE
1869,2021,09,26,2021-09-26
1870,2021,09,26,2021-09-26
1882,2021,06,20,2021-06-20
1884,2021,09,09,2021-09-09
1886,2021,12,05,2021-12-05
1888,2023,08,22,2023-08-22
1892,2022,05,22,2022-05-22
1896,2021,03,17,2021-03-17
1898,2021,05,29,2021-05-29
1900,2021,11,29,2021-11-29
1905,2022,01,15,2022-01-15
1906,2021,09,03,2021-09-03
1910,2021,05,07,2021-05-07
1912,2021,05,21,2021-05-21
1916,2021,06,24,2021-06-24
1919,2023,12,20,2023-12-20
1923,2022,06,14,2022-06-14
1925,2022,01,21,2022-01-21
1927,2021,04,27,2021-04-27
1932,2022,01,22,2022-01-22
1936,2021,12,21,2021-12-21
1938,2021,03,NONE,2021-03-NONE
1940,2021,03,14,2021-03-14
1941,2022,05,27,2022-05-27
1942,2022,05,27,2022-05-27
1943,2023,09,29,2023-09-29
1944,2023,09,29,2023-09-29
1947,2022,08,10,2022-08-10
1948,2022,08,10,2022-08-10
1953,2021,10,NONE,2021-10-NONE
1955,2021,10,NONE,2021-10-NONE
1964,2021,10,09,2021-10-09
1971,2021,06,18,2021-06-18
1973,2023,03,15,2023-03-15
1975,2021,02,26,2021-02-26
1977,2021,01,14,2021-01-14
1979,2020,11,04,2020-11-04
1980,2022,10,15,2022-10-15
1982,2021,10,20,2021-10-20
1983,2021,10,20,2021-10-20
1988,2021,12,28,2021-12-28
1992,2021,12,28,2021-12-28
1996,2021,12,18,2021-12-18
2003,2022,05,15,2022-05-15
2008,2022,01,14,2022-01-14
2009,2021,12,02,2021-12-02
2011,2020,06,30,2020-06-30
2012,2020,06,30,2020-06-30
2015,2023,06,28,2023-06-28
2019,2022,03,09,2022-03-09
2022,2022,04,09,2022-04-09
2026,2020,01,03,2020-01-03
2030,2019,11,18,2019-11-18
2033,2022,03,22,2022-03-22
2034,2020,12,17,2020-12-17
2037,2020,08,22,2020-08-22
2041,2020,08,27,2020-08-27
2042,2020,08,27,2020-08-27
2048,2021,07,31,2021-07-31
2051,NONE,04,14,NONE-04-14
2055,2021,12,NONE,2021-12-NONE
2062,2023,02,NONE,2023-02-NONE
2063,2023,02,NONE,2023-02-NONE
2066,2020,04,30,2020-04-30
2067,2020,04,30,2020-04-30
2068,2022,09,11,2022-09-11
2078,2020,10,21,2020-10-21
2080,2021,01,03,2021-01-03
2088,2021,09,03,2021-09-03
2090,2021,11,09,2021-11-09
2097,2022,06,16,2022-06-16
2098,2021,05,25,2021-05-25
2113,2022,03,12,2022-03-12
2125,2021,04,24,2021-04-24
2134,2022,11,02,2022-11-02
2135,2022,11,02,2022-11-02
2141,2021,04,11,2021-04-11
2146,2022,07,26,2022-07-26
2148,2022,01,03,2022-01-03
2152,2019,07,11,2019-07-11
2157,2021,12,25,2021-12-25
2159,NONE,04,13,NONE-04-13
2162,2023,06,18,2023-06-18
2186,2020,06,10,2020-06-10
2189,2022,02,04,2022-02-04
2192,2020,10,20,2020-10-20
2194,2020,06,10,2020-06-10
2197,2021,01,13,2021-01-13
2202,2020,10,08,2020-10-08
2209,2022,05,31,2022-05-31
2211,2020,09,22,2020-09-22
2214,2020,10,16,2020-10-16
2217,2023,05,NONE,2023-05-NONE
2220,2019,09,30,2019-09-30
2221,2022,06,03,2022-06-03
2227,2023,03,03,2023-03-03
2233,2023,01,21,2023-01-21
2241,2021,05,26,2021-05-26
2245,2021,05,21,2021-05-21
2247,2021,09,07,2021-09-07
2248,2021,09,07,2021-09-07
2251,2021,05,09,2021-05-09
2258,2022,01,24,2022-01-24
2260,2022,12,15,2022-12-15
2265,NONE,03,05,NONE-03-05
2272,2021,08,02,2021-08-02
2276,2023,12,22,2023-12-22
2278,2023,07,NONE,2023-07-NONE
2281,2022,07,NONE,2022-07-NONE
2284,2022,01,06,2022-01-06
2287,2021,12,31,2021-12-31
2303,2022,02,03,2022-02-03
2306,2021,11,23,2021-11-23
2307,2021,11,15,2021-11-15
2310,NONE,03,13,NONE-03-13
2324,2020,09,06,2020-09-06
2326,2022,10,23,2022-10-23
2327,2022,10,23,2022-10-23
2328,2021,10,20,2021-10-20
2336,2021,11,19,2021-11-19
2345,NONE,02,12,NONE-02-12
2356,2021,02,12,2021-02-12
2358,2021,10,10,2021-10-10
2364,2021,08,04,2021-08-04
2370,2022,05,12,2022-05-12
2376,2019,10,28,2019-10-28
2382,2021,08,17,2021-08-17
2386,2019,08,18,2019-08-18
2387,2021,01,14,2021-01-14
2404,2020,11,11,2020-11-11
2405,2021,11,01,2021-11-01
2408,2022,10,29,2022-10-29
2410,2022,04,NONE,2022-04-NONE
2416,2021,12,25,2021-12-25
2418,2023,05,10,2023-05-10
2421,2020,10,23,2020-10-23
2424,2022,06,09,2022-06-09
2427,2021,01,18,2021-01-18
2428,2020,12,23,2020-12-23
2436,2021,06,03,2021-06-03
2437,2020,09,13,2020-09-13
2443,2021,11,11,2021-11-11
2448,2021,02,04,2021-02-04
2455,2023,02,NONE,2023-02-NONE
2458,2022,04,NONE,2022-04-NONE
2459,2021,11,30,2021-11-30
2464,2022,05,NONE,2022-05-NONE
2466,2022,01,20,2022-01-20
2469,2023,06,22,2023-06-22
2472,2021,03,18,2021-03-18
2480,2022,07,NONE,2022-07-NONE
2483,2021,05,05,2021-05-05
2492,2022,08,09,2022-08-09
2498,2021,05,07,2021-05-07
2504,2022,01,06,2022-01-06
2508,2021,11,09,2021-11-09
2510,2022,03,09,2022-03-09
2515,2022,02,16,2022-02-16
2517,2022,07,20,2022-07-20
2519,2023,01,25,2023-01-25
2521,2023,10,02,2023-10-02
2522,2022,09,14,2022-09-14
2523,2022,09,14,2022-09-14
2524,2023,01,25,2023-01-25
2525,2023,01,25,2023-01-25
2527,2023,02,15,2023-02-15
2529,2021,10,19,2021-10-19
2536,2021,09,22,2021-09-22
2538,2021,08,05,2021-08-05
2541,2021,12,19,2021-12-19
2543,2021,10,17,2021-10-17
2552,2022,01,21,2022-01-21
2570,2021,05,07,2021-05-07
2572,2021,12,29,2021-12-29
2578,2024,01,14,2024-01-14
2581,2021,11,17,2021-11-17
2584,2023,11,04,2023-11-04
2586,2022,12,NONE,2022-12-NONE
2588,2023,10,15,2023-10-15
2589,2023,10,15,2023-10-15
2597,2022,10,22,2022-10-22
2604,2023,11,17,2023-11-17
2609,2022,01,17,2022-01-17
2610,2021,07,11,2021-07-11
2611,2021,12,01,2021-12-01
2613,2023,04,NONE,2023-04-NONE
2615,2022,12,21,2022-12-21
2620,2022,03,31,2022-03-31
2622,2023,12,21,2023-12-21
2626,2021,06,22,2021-06-22
2628,2021,12,08,2021-12-08
2634,2022,02,03,2022-02-03
2639,2021,12,04,2021-12-04
2640,2021,12,04,2021-12-04
2642,2021,10,31,2021-10-31
2649,2021,07,01,2021-07-01
2651,2021,08,18,2021-08-18
2657,2021,07,01,2021-07-01
2659,2022,06,11,2022-06-11
2664,2021,08,18,2021-08-18
2665,2021,03,26,2021-03-26
2674,2021,04,25,2021-04-25
2678,2021,08,04,2021-08-04
2683,2021,12,03,2021-12-03
2691,2021,03,10,2021-03-10
2704,2022,10,29,2022-10-29
2706,2021,12,07,2021-12-07
2714,2021,10,22,2021-10-22
2716,2021,12,15,2021-12-15
2726,2022,03,17,2022-03-17
2728,2021,11,04,2021-11-04
2731,2021,04,18,2021-04-18
2734,2022,02,04,2022-02-04
2738,2021,06,05,2021-06-05
2740,2021,12,18,2021-12-18
2742,2021,08,13,2021-08-13
2744,2021,01,10,2021-01-10
2745,2024,04,06,2024-04-06
2746,2022,01,08,2022-01-08
2747,2022,01,08,2022-01-08
2749,2020,12,NONE,2020-12-NONE
2752,2022,01,NONE,2022-01-NONE
2765,2021,03,16,2021-03-16
2766,2021,03,16,2021-03-16
2767,2021,12,01,2021-12-01
2773,2024,05,NONE,2024-05-NONE
2790,2021,12,06,2021-12-06
2802,2021,09,29,2021-09-29
2814,2021,04,02,2021-04-02
2823,2021,10,07,2021-10-07
2829,2027,01,02,2027-01-02
2831,2022,05,21,2022-05-21
2835,2021,06,30,2021-06-30
2846,2020,03,09,2020-03-09
2847,2021,12,30,2021-12-30
2857,2023,06,02,2023-06-02
2859,2022,06,15,2022-06-15
2860,2022,06,15,2022-06-15
2870,2021,02,25,2021-02-25
2877,2022,12,04,2022-12-04
2883,2023,12,08,2023-12-08
2887,2022,01,04,2022-01-04
2892,2021,03,31,2021-03-31
2899,2021,11,09,2021-11-09
2900,2022,08,03,2022-08-03
2917,2021,04,30,2021-04-30
2927,NONE,04,08,NONE-04-08
2928,NONE,04,08,NONE-04-08
2944,2020,06,23,2020-06-23
2956,2021,01,02,2021-01-02
2963,2020,11,06,2020-11-06
2981,2021,12,17,2021-12-17
2990,2021,03,20,2021-03-20
2994,2022,07,13,2022-07-13
2999,2021,10,07,2021-10-07
3004,2023,05,NONE,2023-05-NONE
3006,2022,05,26,2022-05-26
3010,2021,12,11,2021-12-11
3011,2021,12,11,2021-12-11
3014,2021,06,12,2021-06-12
3016,2022,07,01,2022-07-01
3017,2022,02,23,2022-02-23
3019,2021,11,13,2021-11-13
3020,2021,03,23,2021-03-23
3043,2020,07,13,2020-07-13
3060,2021,10,04,2021-10-04
3070,2020,08,09,2020-08-09
3078,2021,12,13,2021-12-13
3087,2021,06,30,2021-06-30
3090,2021,09,15,2021-09-15
3103,2022,03,29,2022-03-29
3110,2021,06,09,2021-06-09
3115,2021,09,25,2021-09-25
3125,2021,03,07,2021-03-07
3127,2021,02,16,2021-02-16
3129,2022,08,25,2022-08-25
3131,2022,03,30,2022-03-30
3132,2021,05,22,2021-05-22
3136,2022,11,09,2022-11-09
3138,2022,01,09,2022-01-09
3142,2021,12,11,2021-12-11
3147,2021,04,22,2021-04-22
3148,2022,01,14,2022-01-14
3158,2021,04,25,2021-04-25
3171,2021,11,11,2021-11-11
3174,2022,08,13,2022-08-13
3185,2021,06,28,2021-06-28
3186,2021,10,21,2021-10-21
3192,2021,11,19,2021-11-19
3194,2021,07,13,2021-07-13
3201,2022,09,21,2022-09-21
3203,2021,10,NONE,2021-10-NONE
3206,2021,04,13,2021-04-13
3218,2021,03,16,2021-03-16
3222,2022,06,14,2022-06-14
3223,2022,06,14,2022-06-14
3224,2021,08,21,2021-08-21
3228,2022,04,26,2022-04-26
3238,2021,10,16,2021-10-16
3239,2021,11,06,2021-11-06
3245,2021,09,20,2021-09-20
3277,NONE,04,05,NONE-04-05
3280,2023,07,31,2023-07-31
3290,2022,12,22,2022-12-22
3310,2020,08,29,2020-08-29
3311,2021,03,11,2021-03-11
3312,2021,03,11,2021-03-11
3313,2021,07,05,2021-07-05
3321,2021,09,01,2021-09-01
3326,2024,06,05,2024-06-05
3332,2021,04,29,2021-04-29
3338,2021,06,01,2021-06-01
3340,2022,09,29,2022-09-29
3350,2025,12,10,2025-12-10
3351,2025,12,10,2025-12-10
