file_name,image_id,year,month,day,final_date,method,elapsed_sec,original_512_predict_sec,rotation_270_predict_sec,highres_1024_predict_sec,clahe_predict_sec,truth_group,true_year,true_month,true_day,true_final_date,year_correct,month_correct,day_correct,final_date_correct
000157.jpg,000157,NONE,NONE,NONE,NONE,original_no_candidate,4.297107999998843,0.5315596000000369,0.6097788000042783,2.2081558000063524,0.6313511000043945,complete,2027,08,07,2027-08-07,False,False,False,False
000438.jpg,000438,NONE,NONE,NONE,NONE,original_no_candidate,4.140351299996837,0.6472702000028221,0.5101135000004433,2.1271134999988135,0.6277772000030382,complete,2026,02,19,2026-02-19,False,False,False,False
000763.jpg,000763,NONE,NONE,NONE,NONE,original_no_candidate,4.344492699994589,1.012869199999841,1.0854090999928303,1.3791310999949928,0.8321949999954086,partial_none,NONE,11,12,NONE-11-12,True,False,False,False
000820.jpeg,000820,NONE,NONE,NONE,NONE,original_no_candidate,8.758557100009057,1.6122037000022829,1.9373026999965077,3.12761799999862,1.8263140000053681,complete,2026,05,18,2026-05-18,False,False,False,False
001214.jpg,001214,NONE,NONE,NONE,NONE,original_no_candidate,6.07222339999862,1.6677083999966271,1.1539099999936298,1.8443227999960072,1.3839867000060622,complete,2021,05,15,2021-05-15,False,False,False,False
001515.jpg,001515,2022,08,18,2022-08-18,original_512,0.8925770999921951,0.882306300001801,,,,complete,2022,08,16,2022-08-16,True,True,False,False
001587.jpg,001587,2021,04,27,2021-04-27,original_512,0.5418724000046495,0.5340602000069339,,,,complete,2021,04,20,2021-04-20,True,True,False,False
002019.jpg,002019,NONE,NONE,NONE,NONE,original_no_candidate,2.41650180000579,0.48842389999481384,0.5090161999978591,1.058359400005429,0.34685829999216367,complete,2022,03,09,2022-03-09,False,False,False,False
002278.jpg,002278,NONE,NONE,NONE,NONE,original_no_candidate,2.637380900006974,0.6126279000018258,0.43118119999417104,0.917867500000284,0.6578138000040781,partial_none,2023,07,NONE,2023-07-NONE,False,False,True,False
002328.jpg,002328,2020,10,21,2020-10-21,original_512,1.1170168000098784,1.0978235000075074,,,,complete,2021,10,20,2021-10-20,False,True,False,False
002492.jpg,002492,NONE,NONE,NONE,NONE,original_no_candidate,4.821779999998398,1.1478839999908814,1.292474999994738,1.378352100000484,0.9829861000034725,complete,2022,08,09,2022-08-09,False,False,False,False
002726.jpg,002726,2017,03,22,2017-03-22,rotation_270,0.9692450000002282,0.4868324999988545,0.45550870000442956,,,complete,2022,03,17,2022-03-17,False,True,False,False
002814.jpg,002814,NONE,NONE,NONE,NONE,original_no_candidate,2.532721399998991,0.4882313999987673,0.5751540000055684,0.8640279000101145,0.5899302000034368,complete,2021,04,02,2021-04-02,False,False,False,False
002899.jpg,002899,2021,11,NONE,2021-11-NONE,clahe,2.7859496000019135,0.5801800999906845,0.5304984999966109,0.9375511000107508,0.7247916000051191,complete,2021,11,09,2021-11-09,True,True,False,False
003014.jpg,003014,NONE,NONE,NONE,NONE,original_no_candidate,3.324829100005445,0.7953145000064978,0.7585314999887487,0.9941741000075126,0.7606232999969507,complete,2021,06,12,2021-06-12,False,False,False,False
003218.jpg,003218,2021,03,16,2021-03-16,original_512,1.8654106999892974,1.8367143999930704,,,,complete,2021,06,16,2021-06-16,True,False,True,False
003311.jpg,003311,2019,03,NONE,2019-03-NONE,original_512,0.5043446000054246,0.4661061999941012,,,,complete,2021,03,11,2021-03-11,False,True,False,False
003312.jpg,003312,2021,03,NONE,2021-03-NONE,clahe,2.6446965000068303,0.6826988000102574,0.5414659999951255,0.8730190999922343,0.5336333000013838,complete,2021,03,11,2021-03-11,True,True,False,False
003326.jpg,003326,NONE,NONE,NONE,NONE,original_no_candidate,4.105522700003348,0.8649930999963544,0.6527800000039861,1.881186600003275,0.6349748999928124,complete,2024,06,05,2024-06-05,False,False,False,False
3350.jpeg,3350,NONE,NONE,NONE,NONE,original_no_candidate,4.976555400004145,1.0186100999999326,1.011424000011175,1.8487986999971326,0.8086027999961516,complete,2025,12,10,2025-12-10,False,False,False,False
000266.jpg,000266,2020,05,12,2020-05-12,original_512,0.784146400008467,0.6447973000031197,,,,complete,2025,12,04,2025-12-04,False,False,False,False
000422.jpg,000422,2025,09,10,2025-09-10,original_512,0.6198557000025176,0.4491037999978289,,,,complete,2026,06,09,2026-06-09,False,False,False,False
000582.jpg,000582,2025,01,21,2025-01-21,highres_1024,2.267865999994683,0.3868524999998044,0.4597253000101773,1.3751589999883436,,complete,2025,11,21,2025-11-21,True,False,True,False
000694.jpg,000694,NONE,NONE,NONE,NONE,original_no_candidate,5.158302299998468,0.8056151000055252,1.7989696000004187,1.675141599989729,0.773422499987646,complete,2026,09,01,2026-09-01,False,False,False,False
000726.jpg,000726,2026,08,16,2026-08-16,original_512,0.4855029999889666,0.4563391999981832,,,,complete,2026,09,16,2026-09-16,True,False,True,False
000749.jpg,000749,NONE,NONE,NONE,NONE,original_no_candidate,3.3533797999989474,0.6665606999886222,0.675877900008345,1.3640547999966657,0.5035079000081168,complete,2026,01,21,2026-01-21,False,False,False,False
000978.jpg,000978,NONE,NONE,NONE,NONE,original_no_candidate,4.749961300010909,1.101239199997508,0.7360984999977518,2.098862700004247,0.7946441999956733,complete,2021,11,03,2021-11-03,False,False,False,False
001539.jpg,001539,NONE,NONE,NONE,NONE,original_no_candidate,5.452237699995749,1.5605670000077225,0.8062350999971386,1.7879834000050323,1.2793552999937674,complete,2022,01,18,2022-01-18,False,False,False,False
001646.jpg,001646,NONE,NONE,NONE,NONE,original_no_candidate,3.0439866999950027,0.6642059999867342,0.6444172999908915,1.0870119000028353,0.6344122999871615,complete,2021,10,12,2021-10-12,False,False,False,False
001955.jpg,001955,NONE,NONE,NONE,NONE,original_no_candidate,10.068272200005595,2.245058100001188,1.665959699996165,4.004954799995176,2.0984999000065727,partial_none,2021,10,NONE,2021-10-NONE,False,False,True,False
002034.jpg,002034,2017,12,20,2017-12-20,original_512,0.6568584999913583,0.6455274000036297,,,,complete,2020,12,17,2020-12-17,False,True,False,False
002066.jpg,002066,2024,04,05,2024-04-05,original_512,1.2049818000086816,1.1928964999970049,,,,complete,2020,04,30,2020-04-30,False,True,False,False
002404.jpg,002404,NONE,NONE,NONE,NONE,original_no_candidate,2.6834161000006134,0.5482235999952536,0.498638299992308,0.9687730000005104,0.6527051000011852,complete,2020,11,11,2020-11-11,False,False,False,False
002436.jpg,002436,2021,05,03,2021-05-03,clahe,7.880566699997871,1.8428717000060715,1.9766573000088101,2.1627890999952797,1.8784089999971911,complete,2021,06,03,2021-06-03,True,False,True,False
002586.jpg,002586,NONE,NONE,NONE,NONE,original_no_candidate,9.045647600010852,1.8593777000060072,1.2149128000019118,4.121856699988712,1.8058811000082642,partial_none,2022,12,NONE,2022-12-NONE,False,False,True,False
002917.jpg,002917,2030,04,21,2030-04-21,original_512,1.443653299997095,1.4193511000048602,,,,complete,2021,04,30,2021-04-30,False,True,False,False
003338.jpg,003338,NONE,NONE,NONE,NONE,original_no_candidate,7.633939699997427,2.0990527999965707,1.2985406999941915,2.412296599999536,1.8014877999958117,complete,2021,06,01,2021-06-01,False,False,False,False
