image_id,label,in_60,in_40,selected,memo
900001,2028-09-11,?,0,0,EXP 뒤 숫자가 60% 박스 왼쪽 경계에 걸림
900002,2029-04-NONE,1,1,0,"적격, 추첨에서 빠짐(예비)"
900003,2027-09-25,1,1,1,
900004,2029-03-05,1,1,1,
900005,2029-10-02,1,1,0,"적격, 추첨에서 빠짐(예비)"
900006,2028-08-24,1,edge,0,40% 경계에 걸림
900007,2026-09-06,1,0,0,
900008,2026-06-20,1,1,0,"적격, 추첨에서 빠짐(예비)"
900009,2029-05-22,1,0,0,
900010,2029-05-26,1,1,0,"적격, 추첨에서 빠짐(예비)"
900011,2029-03-10,?,0,0,날짜가 사진에서 거의 보이지 않음
900012,2027-09-01,0,0,0,사선 날짜 왼쪽이 박스 밖
900013,2029-01-19,1,0,0,
900014,2028-10-22,1,1,0,"적격, 추첨에서 빠짐(예비)"
900015,2029-02-09,0,0,0,날짜 오른쪽 끝이 박스 밖
900016,2028-06-12,0,0,0,날짜가 사진 맨 아래
900017,2027-04-16,1,0,0,
900018,2029-03-30,0,0,0,날짜가 박스 아래 밖
900019,2026-10-22,1,edge,0,40% 경계에 걸림
900020,2027-07-24,1,1,1,
900021,2028-06-22,1,edge,0,40% 경계에 걸림
900022,2028-06-17,1,1,0,"적격, 추첨에서 빠짐(예비)"
900023,2028-06-17,1,0,0,
900024,2028-11-09,1,1,0,"적격, 추첨에서 빠짐(예비)"
900025,2028-06-29,1,edge,0,40% 경계에 걸림
900026,2026-11-06,1,1,0,"적격, 추첨에서 빠짐(예비)"
900027,2028-04-01,1,0,0,
900028,2027-10-17,1,1,0,"적격, 추첨에서 빠짐(예비)"
900029,2028-12-15,1,0,0,
900030,2025-12-01,0,0,0,날짜 오른쪽 끝이 박스 밖
900031,2027-11-05,1,1,0,"적격, 추첨에서 빠짐(예비)"
900032,2028-01-31,1,1,0,"적격, 추첨에서 빠짐(예비)"
900033,2024-06-10,1,1,0,"적격, 추첨에서 빠짐(예비)"
900034,2027-12-19,1,1,0,"적격, 추첨에서 빠짐(예비)"
900035,2027-10-03,1,1,1,
900036,2021-12-10,1,1,1,
900037,2026-10-22,1,1,1,
900038,2025-09-13,1,0,0,
900039,2026-09-14,1,0,0,
900040,2029-01-01,1,1,0,"적격, 추첨에서 빠짐(예비)"
900041,2028-07-13,?,0,0,날짜 앞자리가 60% 박스 왼쪽 경계에 걸림
900042,2026-08-28,1,0,0,
900043,2027-11-27,1,1,0,"적격, 추첨에서 빠짐(예비)"
900044,2028-10-06,1,1,0,"적격, 추첨에서 빠짐(예비)"
900045,2029-03-30,1,0,0,
900046,2028-03-16,1,1,0,"적격, 추첨에서 빠짐(예비)"
900047,2028-08-03,1,1,1,
900048,2028-11-02,1,1,0,"적격, 추첨에서 빠짐(예비)"
900049,2027-12-NONE,1,1,1,
900050,2027-11-17,1,edge,0,40% 경계에 걸림
900051,2027-11-NONE,1,1,0,"적격, 추첨에서 빠짐(예비)"
900052,2028-09-01,1,edge,0,40% 경계에 걸림
900053,2028-12-30,1,edge,0,40% 경계에 걸림
900054,2029-08-11,1,1,0,"적격, 추첨에서 빠짐(예비)"
900055,2027-05-19,1,1,0,"적격, 추첨에서 빠짐(예비)"
900056,2028-10-01,0,0,0,날짜가 사진 맨 아래
900057,2027-09-17,1,1,0,"적격, 추첨에서 빠짐(예비)"
900058,2028-12-01,1,1,0,"적격, 추첨에서 빠짐(예비)"
900059,2028-06-01,1,1,0,"적격, 추첨에서 빠짐(예비)"
900060,2024-02-NONE,1,1,1,
900061,2028-09-09,1,1,0,"적격, 추첨에서 빠짐(예비)"
900062,2028-11-25,1,0,0,60% 경계에 붙음
900063,2029-05-13,1,edge,0,40% 경계에 걸림
900064,2028-09-09,1,0,0,
900065,2029-06-23,1,0,0,
900066,2029-05-15,1,1,0,"인쇄가 흐림; 적격, 추첨에서 빠짐(예비)"
900067,2029-07-14,0,0,0,60% 밖
900068,2029-01-13,1,edge,0,40% 경계에 걸림
900069,2029-07-06,1,edge,0,40% 경계에 걸림
900070,2029-02-27,1,edge,0,40% 경계에 걸림
900071,2029-05-17,1,edge,0,40% 경계에 걸림
900072,2029-08-18,0,0,0,60% 밖
900073,2029-03-01,1,1,0,"적격, 추첨에서 빠짐(예비)"
900074,2029-06-22,1,1,0,"적격, 추첨에서 빠짐(예비)"
900075,2029-08-30,1,edge,0,40% 경계에 걸림
900076,2029-06-07,1,0,0,
900077,2029-05-31,1,edge,0,40% 아래 경계에 거의 닿음
900078,2029-06-14,1,1,1,
900079,2029-07-06,1,1,0,"적격, 추첨에서 빠짐(예비)"
900080,2029-06-14,1,0,0,EXP 앞부분이 40% 왼쪽 밖
900081,2029-03-31,1,edge,0,40% 안이지만 글씨가 매우 작고 여유 적음
900082,2029-06-10,1,edge,0,40% 오른쪽 경계에 걸림
900083,2029-08-13,1,1,0,"적격, 추첨에서 빠짐(예비)"
900084,2028-10-27,1,1,1,
900085,2028-06-05,1,1,0,"글씨 작음; 적격, 추첨에서 빠짐(예비)"
900086,2029-06-30,1,edge,0,40% 오른쪽 경계에 걸림
900087,2029-08-04,1,1,0,"적격, 추첨에서 빠짐(예비)"
900088,2029-08-25,1,1,0,"적격, 추첨에서 빠짐(예비)"
900089,2027-11-25,1,1,0,"적격, 추첨에서 빠짐(예비)"
900090,2028-12-15,1,1,0,"적격, 추첨에서 빠짐(예비)"
900091,2029-04-19,1,0,0,40% 아래 밖
900092,2031-01-NONE,1,edge,0,"라벨 일 NONE, 40% 왼쪽 경계"
900093,2029-01-26,1,edge,0,40% 아래 경계에 닿음
900094,2029-07-19,1,1,0,"적격, 추첨에서 빠짐(예비)"
900095,2029-07-29,?,0,0,60% 위쪽 경계에 걸림
900096,2028-06-29,1,0,0,40% 아래 밖
900097,2029-06-24,1,1,1,
900098,2029-04-27,1,edge,0,40% 오른쪽 경계에 걸림
900099,2029-01-08,1,0,0,40% 오른쪽 밖
900100,2027-06-25,1,edge,0,40% 오른쪽 경계에 걸림
900101,2029-08-17,1,edge,0,"양각, 40% 왼쪽 경계"
900102,2029-01-11,1,1,0,40% 왼쪽 여유 적음; 여유 적어 제외
900103,2028-06-14,0,0,0,60% 아래 밖
900104,2027-09-30,1,0,0,40% 아래 밖
900105,2027-07-07,1,0,0,60% 왼쪽 경계에 붙음
900106,2027-06-24,0,0,0,60% 아래 밖
900107,2027-11-24,?,0,0,"60% 오른쪽 경계, 일부 가림"
900108,2027-08-18,1,edge,0,40% 아래 경계에 걸림
900109,2027-10-22,1,edge,0,40% 왼쪽 경계에 닿음
900110,2027-12-01,1,1,0,"적격, 추첨에서 빠짐(예비)"
900111,2027-08-19,1,0,0,40% 아래 밖
900112,2027-05-28,1,0,0,"40% 아래 밖, 까지는 60% 밖"
900113,2029-01-13,1,1,0,"적격, 추첨에서 빠짐(예비)"
900114,2028-12-21,?,0,0,60% 왼쪽 경계에 걸림
900115,2028-07-13,1,1,0,"적격, 추첨에서 빠짐(예비)"
900116,2029-06-01,1,0,0,40% 아래 밖
900117,2031-06-NONE,1,1,0,"라벨 일 NONE; 적격, 추첨에서 빠짐(예비)"
900118,2029-03-30,1,1,0,"적격, 추첨에서 빠짐(예비)"
900119,2028-12-29,0,0,0,60% 아래 밖
900120,2031-01-27,1,1,0,"글씨 작음; 적격, 추첨에서 빠짐(예비)"
900121,2029-04-20,1,1,0,"적격, 추첨에서 빠짐(예비)"
900122,2029-08-19,0,0,0,60% 오른쪽 밖
900123,2026-04-28,1,1,1,
900124,2029-05-26,1,edge,0,40% 왼쪽 경계에 걸림
900125,2029-06-14,1,0,0,40% 아래 밖
900126,2028-07-20,1,1,1,
900127,2028-06-15,1,edge,0,40% 왼쪽 경계에 걸림
900128,2029-03-01,0,0,0,60% 오른쪽 밖
900129,2029-01-11,1,1,1,
900130,2029-04-NONE,1,1,1,라벨 일 NONE
900131,2029-04-12,1,1,0,"적격, 추첨에서 빠짐(예비)"
900132,2028-12-NONE,1,0,0,40% 왼쪽 밖
900133,2029-04-19,1,1,1,
900134,2029-05-17,1,1,0,"적격, 추첨에서 빠짐(예비)"
900135,2029-05-18,?,0,0,60% 아래 경계에 걸림
900136,2028-08-19,1,1,1,글씨 작음
900137,2028-11-03,?,0,0,60% 아래 경계에 걸림
900138,2029-04-08,1,1,1,
900139,2028-04-06,1,0,0,40% 오른쪽 아래 밖
900140,2029-03-03,1,edge,0,40% 오른쪽 경계에 걸림
900141,2029-01-14,1,1,1,
900142,2029-04-16,1,1,0,"날짜는 40% 안, 까지가 잘림(여유 적음); 여유 적어 제외"
900143,2028-11-25,1,0,0,40% 아래 밖
900144,2029-01-06,1,1,0,"적격, 추첨에서 빠짐(예비)"
900145,2029-02-19,1,edge,0,40% 왼쪽 경계에 걸림
900146,2028-08-26,1,edge,0,40%로 자르면 EXP가 잘림
900147,2029-04-15,1,1,0,"적격, 추첨에서 빠짐(예비)"
900148,2027-11-26,1,1,0,"적격, 추첨에서 빠짐(예비)"
900149,2029-02-25,1,1,0,"적격, 추첨에서 빠짐(예비)"
900150,2029-03-23,1,1,0,"날짜는 40% 안, 까지가 잘림; 여유 적어 제외"
900151,2029-01-07,1,1,1,
900152,NONE,1,0,0,라벨 NONE(제조일만)이라 대상 아님
900153,2027-09-26,1,edge,0,40%로 자르면 첫 숫자가 잘림
900154,2029-04-26,1,edge,0,40%로 자르면 EXP가 잘림
900155,2027-02-01,1,1,0,"적격, 추첨에서 빠짐(예비)"
900156,2028-11-03,1,1,0,"적격, 추첨에서 빠짐(예비)"
900157,2027-09-03,1,1,0,40% 위쪽 여유 적음; 여유 적어 제외
900158,2027-04-01,1,edge,0,40% 오른쪽 경계에 걸림
900159,2029-08-18,1,edge,0,40% 왼쪽·아래 경계에 걸림
900160,2029-04-16,1,edge,0,"40%로 자르면 EXP 첫 글자가 잘림, 양각"
900161,2029-06-07,1,1,0,"적격, 추첨에서 빠짐(예비)"
900162,2029-03-15,1,1,0,"적격, 추첨에서 빠짐(예비)"
900163,2029-03-08,1,1,1,
900164,NONE,1,0,0,라벨 NONE(제조일만)이라 대상 아님
900165,2029-06-15,1,edge,0,"40%로 자르면 EXP 첫 글자가 잘림, 양각"
900166,2028-12-NONE,?,edge,0,"EXP가 60% 밖, 날짜만 40% 안"
900167,2029-04-20,1,1,0,"날짜는 40% 안, 까지가 잘림; 적격, 추첨에서 빠짐(예비)"
900168,2028-12-17,1,edge,0,"40% 왼쪽 경계, 양각, 띠가 숫자를 가림"
900169,2029-02-23,1,1,0,"적격, 추첨에서 빠짐(예비)"
900170,2029-06-10,1,1,0,"날짜는 40% 안, 까지가 잘림; 적격, 추첨에서 빠짐(예비)"
900171,2029-07-07,1,edge,0,40%로 자르면 EXP 첫 글자가 잘림
900172,2028-04-28,1,1,0,"적격, 추첨에서 빠짐(예비)"
900173,2028-05-08,1,1,1,
900174,2029-01-13,1,1,0,"적격, 추첨에서 빠짐(예비)"
900175,2029-01-08,1,1,1,
900176,2029-01-21,1,edge,0,40%로 자르면 EXP 첫 글자가 잘림
900177,2028-09-10,1,1,0,"적격, 추첨에서 빠짐(예비)"
900178,2028-07-01,1,1,0,"양각; 적격, 추첨에서 빠짐(예비)"
900179,2027-07-15,1,edge,0,40%로 자르면 날짜 아래가 잘림
900180,2028-06-15,1,1,0,40% 왼쪽 여유 적음; 여유 적어 제외
900181,2028-02-09,1,1,0,"적격, 추첨에서 빠짐(예비)"
900182,2027-05-17,1,1,0,"적격, 추첨에서 빠짐(예비)"
900183,2027-10-12,1,1,1,
900184,2027-04-07,1,1,0,"적격, 추첨에서 빠짐(예비)"
900185,2027-03-NONE,1,1,1,라벨 일 NONE
900186,2027-06-25,1,0,0,40% 위·왼쪽 밖
900187,2028-07-21,1,edge,0,"날짜는 40% 안, 소비기한 글자는 60% 밖"
900188,2028-07-05,1,0,0,40% 왼쪽 밖
900189,2028-12-08,0,0,0,60% 왼쪽 밖
900190,2029-05-27,1,0,0,40% 왼쪽 밖
900191,2029-06-24,1,1,1,
900192,2028-09-04,1,1,0,"40% 위쪽 여유 적음, 까지가 잘림; 여유 적어 제외"
900193,2029-06-14,1,1,1,
900194,2030-07-15,1,edge,0,40% 오른쪽 경계에 걸림
900195,2029-02-NONE,1,1,0,"라벨 일 NONE; 적격, 추첨에서 빠짐(예비)"
900196,2029-02-04,1,1,0,"적격, 추첨에서 빠짐(예비)"
900197,2028-10-06,1,edge,0,"40%로 자르면 EXP 첫 글자가 잘림, 양각"
900198,2029-03-03,1,1,1,
900199,2029-06-18,1,1,0,40% 오른쪽 여유 적음; 여유 적어 제외
900200,2029-05-07,1,edge,0,40%로 자르면 EXP 첫 글자가 잘림
900201,2027-11-NONE,1,0,0,"40% 왼쪽 밖, 라벨 일 NONE"
900202,2029-02-10,1,1,1,
900203,2029-01-14,1,1,0,"적격, 추첨에서 빠짐(예비)"
900204,2029-01-05,1,1,0,"적격, 추첨에서 빠짐(예비)"
900205,2028-04-07,1,1,1,
900206,2029-08-13,?,0,0,양각이 거의 안 보임
900207,2029-06-19,1,edge,0,40% 왼쪽 경계에 걸림
900208,2028-12-16,1,1,0,"적격, 추첨에서 빠짐(예비)"
900209,2029-08-26,1,0,0,40% 위쪽 밖
900210,2028-03-01,1,1,1,
900211,2028-09-05,1,edge,0,"날짜는 40% 안, 사용기한 글자가 40% 경계"
900212,2029-06-22,1,1,0,"날짜는 40% 안, 오른쪽 여유 적음; 여유 적어 제외"
900213,2028-08-02,1,1,0,"적격, 추첨에서 빠짐(예비)"
900214,2029-03-NONE,1,1,0,"라벨 일 NONE; 적격, 추첨에서 빠짐(예비)"
900215,2029-06-17,1,1,0,40% 아래·오른쪽 여유 적음; 여유 적어 제외
900216,2029-07-24,1,edge,0,"세로 인쇄, 40% 위쪽 경계에 걸림"
900217,2029-07-15,1,edge,0,"40% 오른쪽 경계, 사용기한 글자는 40% 밖"
900218,2027-11-30,1,edge,0,"날짜는 40% 안, 사용기한EXP 글자는 40% 밖"
900219,2029-05-17,1,1,0,"세로 인쇄; 적격, 추첨에서 빠짐(예비)"
900220,2029-07-30,1,1,1,"날짜는 40% 안, 까지가 잘림"
900221,2029-07-19,1,1,0,"적격, 추첨에서 빠짐(예비)"
900222,2028-10-01,1,1,0,"세트 상품(날짜 3개); 적격, 추첨에서 빠짐(예비)"
900223,2029-06-14,1,1,0,"적격, 추첨에서 빠짐(예비)"
900224,2029-07-19,1,edge,0,40%로 자르면 EXP 첫 글자가 잘림
900225,2029-08-02,1,edge,0,40%로 자르면 날짜 끝 숫자가 잘림
900226,2029-07-05,1,1,0,"인쇄가 흐림; 적격, 추첨에서 빠짐(예비)"
900227,2029-01-22,0,0,0,60% 위쪽 밖
900228,2028-05-24,0,0,0,60% 오른쪽 위 밖
900229,2029-07-15,1,1,1,
900230,2029-01-22,1,0,0,40% 오른쪽 밖
900231,2028-09-22,1,edge,0,"손글씨, 40% 오른쪽 경계에 걸림"
900232,2028-07-NONE,1,1,0,"라벨 일 NONE; 적격, 추첨에서 빠짐(예비)"
900233,2029-08-07,1,1,0,"적격, 추첨에서 빠짐(예비)"
900234,2027-10-01,1,edge,0,"날짜는 40% 안, 사용기한 글자가 40% 경계"
900235,2028-02-13,1,edge,0,40%로 자르면 EXP 첫 글자가 잘림
900236,2028-11-17,1,1,0,40% 아래 여유 적음; 여유 적어 제외
900237,2028-07-01,1,0,0,40% 오른쪽 밖
900238,2027-07-16,1,1,1,
900239,2027-06-28,1,1,0,"적격, 추첨에서 빠짐(예비)"
900240,2027-08-09,1,1,0,"적격, 추첨에서 빠짐(예비)"
900241,2027-03-NONE,1,1,1,라벨 일 NONE
900242,2027-04-28,1,1,0,40% 아래 여유 적음; 여유 적어 제외
900243,2028-04-08,1,1,0,"적격, 추첨에서 빠짐(예비)"
900244,2027-08-06,1,edge,0,"양각, 40%로 자르면 BEST 첫 글자가 잘림"
900245,2027-11-20,1,1,0,"적격, 추첨에서 빠짐(예비)"
900246,2027-06-10,1,0,0,40% 오른쪽 밖
900247,2027-09-01,1,edge,0,"날짜는 40% 안, 소비기한 글자는 40% 밖"
900248,2027-06-16,1,1,0,"세로·흐린 인쇄; 적격, 추첨에서 빠짐(예비)"
900249,2027-05-NONE,1,edge,0,"날짜는 40% 안, Best Before 글자는 40% 밖"
900250,2028-10-27,1,1,0,40% 왼쪽 여유 적음; 여유 적어 제외
900251,2029-05-17,1,1,1,"비스듬한 인쇄, 까지가 잘림"
900252,2029-03-02,1,edge,0,40% 왼쪽·아래 경계에 걸림
900253,2030-05-01,1,1,0,"적격, 추첨에서 빠짐(예비)"
900254,2025-10-08,1,1,1,날짜 흐림
900255,2029-07-29,1,1,1,다른 글씨와 겹침
900256,2031-02-NONE,1,edge,0,"양각, 40% 위쪽 경계, 손가락에 가림"
900257,2029-07-07,1,edge,0,40% 왼쪽 경계에 걸림
900258,2029-05-06,1,1,0,"적격, 추첨에서 빠짐(예비)"
900259,NONE,1,0,0,라벨 NONE(제조일만)이라 대상 아님
900260,2029-06-16,1,1,1,
900261,2030-06-16,1,edge,0,40%로 자르면 날짜 아래가 잘림
900262,2029-06-28,1,0,0,"세로 인쇄, 40% 왼쪽 밖"
900263,2029-07-23,1,edge,0,40%로 자르면 EXP가 잘림
900264,2029-09-03,1,edge,0,40%로 자르면 EXP 아래가 잘림
900265,2029-05-22,1,1,1,
900266,2029-07-06,1,edge,0,40% 위쪽 경계에 걸림
900267,2029-08-06,1,1,1,
900268,2029-04-05,1,0,0,40% 위쪽 밖
900269,2029-03-15,1,1,1,
900270,2028-02-19,1,1,0,"적격, 추첨에서 빠짐(예비)"
900271,2029-01-26,1,1,1,
900272,2029-02-02,1,1,1,
900273,2029-04-09,1,0,0,40% 아래 밖
900274,2029-02-18,1,1,0,"적격, 추첨에서 빠짐(예비)"
900275,2029-01-NONE,1,edge,0,"양각, 40% 오른쪽 경계에 걸림"
900276,2029-01-NONE,1,1,0,"라벨 일 NONE; 적격, 추첨에서 빠짐(예비)"
900277,2028-09-17,1,1,1,
900278,2028-11-03,1,edge,0,"뒤집힌 인쇄, 40%로 자르면 EXP가 잘림"
900279,2029-03-26,1,edge,0,"세트 상품, 40% 오른쪽 밖"
900280,2028-06-25,1,edge,0,40% 왼쪽 경계에 걸림
900281,2029-02-25,1,1,1,
900282,2028-10-29,1,edge,0,"세로 인쇄, 40% 오른쪽 경계에 걸림"
900283,2029-09-08,1,0,0,40% 아래 밖
900284,2029-03-22,1,1,0,"적격, 추첨에서 빠짐(예비)"
900285,2028-09-04,?,0,0,60% 아래 경계에 걸림
900286,2027-03-06,1,edge,0,40% 위쪽 경계에 걸림
900287,2029-03-30,1,1,0,"적격, 추첨에서 빠짐(예비)"
900288,2029-08-07,1,1,0,40% 왼쪽 여유 적음; 여유 적어 제외
900289,2028-12-13,1,edge,0,"날짜는 40% 안, EXP 글자는 40% 밖"
900290,2029-06-30,1,edge,0,40% 아래 경계에 걸림
900291,2029-07-09,1,1,1,까지가 잘림
900292,2029-07-10,1,1,0,40% 아래 여유 적음; 여유 적어 제외
900293,2029-08-06,1,0,0,40% 아래 밖
900294,2029-04-02,?,0,0,60% 아래 경계에 걸림
900295,2028-09-30,1,1,0,40% 왼쪽 여유 적음; 여유 적어 제외
900296,2029-05-18,1,1,1,
900297,2028-06-10,1,1,1,
900298,2028-06-14,1,1,0,"적격, 추첨에서 빠짐(예비)"
900299,2028-03-12,1,1,0,"적격, 추첨에서 빠짐(예비)"
900300,2029-01-20,1,1,0,"적격, 추첨에서 빠짐(예비)"
