image_id,label,full_prediction,full_correct,full_method,full_seconds,center60_prediction,center60_correct,center60_method,center60_seconds,center40_prediction,center40_correct,center40_method,center40_seconds
900003,2027-09-25,2027-09-25,1,original_512,8.3,2027-09-25,1,original_512,12.87,2027-09-25,1,original_512,7.57
900004,2029-03-05,2029-03-05,1,original_512,9.42,2029-03-05,1,original_512,9.3,2029-03-05,1,original_512,7.96
900020,2027-07-24,NONE,0,original_no_candidate,20.52,NONE,0,original_no_candidate,20.35,2027-07-24,1,rotation_270,7.06
900035,2027-10-03,2027-10-03,1,highres_1024,14.96,2027-10-03,1,original_512,2.65,2027-10-03,1,original_512,3.08
900036,2021-12-10,2021-12-10,1,original_512,3.03,2021-12-10,1,original_512,2.57,2021-12-10,1,highres_1024_retry,11.82
900037,2026-10-22,2026-10-22,1,original_512_retry_kept,29.59,2026-10-22,1,highres_1024_retry,32.02,2026-10-22,1,original_512_retry_kept,29.58
900047,2028-08-03,2028-08-03,1,highres_1024,34.69,2028-08-03,1,original_512,6.27,2028-08-03,1,original_512,6.09
900049,2027-12-NONE,2027-12-NONE,1,original_512,6.56,2027-12-NONE,1,original_512,8.28,2027-12-NONE,1,original_512,7.15
900060,2024-02-NONE,2024-02-NONE,1,original_512,6.59,2024-02-NONE,1,original_512,6.76,2024-02-NONE,1,original_512,5.72
900078,2029-06-14,2029-06-14,1,original_512,8.04,2029-06-14,1,original_512,6.65,NONE,0,original_no_candidate,48.47
900084,2028-10-27,2028-10-27,1,original_512,7.54,2028-10-27,1,original_512,6.87,2028-10-27,1,original_512,6.93
900097,2029-06-24,2029-06-24,1,original_512,7.05,2029-06-24,1,highres_1024_retry,29.97,2029-06-24,1,highres_1024_retry,32.01
900123,2026-04-28,2026-04-28,1,original_512,6.47,2026-04-28,1,original_512,6.31,2026-04-28,1,original_512,7.65
900126,2028-07-20,2028-07-20,1,original_512,6.71,2028-07-20,1,original_512,6.58,2028-07-20,1,original_512,6.09
900129,2029-01-11,2029-01-11,1,original_512,7.55,2029-01-11,1,original_512,7.06,2029-01-11,1,original_512,5.91
900130,2029-04-NONE,2029-04-NONE,1,original_512_retry_kept,43.39,2029-04-NONE,1,original_512,9.03,2029-04-NONE,1,original_512,9.3
900133,2029-04-19,2029-04-19,1,original_512,6.97,2029-04-19,1,original_512,6.86,2029-04-19,1,original_512,6.66
900136,2028-08-19,2028-08-19,1,highres_1024_retry,31.29,2028-08-19,1,original_512,6.82,2028-08-19,1,original_512,6.81
900138,2029-04-08,2029-04-08,1,original_512_retry_kept,31.94,2029-04-08,1,original_512_retry_kept,32.35,2029-04-08,1,original_512_retry_kept,31.5
900141,2029-01-14,2029-01-14,1,original_512,6.66,2029-01-14,1,original_512,7.06,2029-01-14,1,original_512,8.52
900151,2029-01-07,2029-01-07,1,original_512,8.3,2029-01-07,1,original_512,9.13,2029-01-07,1,original_512,7.2
900163,2029-03-08,2029-03-08,1,original_512,6.46,2029-03-08,1,original_512,6.41,2029-03-08,1,original_512,5.66
900173,2028-05-08,2028-05-08,1,original_512,6.41,2028-05-08,1,original_512,7.09,2028-05-08,1,original_512,7.07
900175,2029-01-08,2029-01-08,1,highres_1024_retry,30.28,2029-01-08,1,original_512,6.78,2029-01-08,1,original_512,6.11
900183,2027-10-12,2027-10-12,1,highres_1024_retry,36.6,2027-10-12,1,highres_1024_retry,31.34,2027-10-12,1,highres_1024,30.89
900185,2027-03-NONE,2027-03-NONE,1,original_512_retry_kept,26.41,2027-03-NONE,1,rotation_270,34.81,2027-03-NONE,1,rotation_270,34.94
900191,2029-06-24,2029-06-24,1,highres_1024_retry,36.41,2029-06-24,1,highres_1024_retry,35.82,2029-06-24,1,original_512,7.5
900193,2029-06-14,2029-06-14,1,highres_1024_retry,28.54,2029-06-14,1,original_512,5.96,2029-06-14,1,original_512,5.8
900198,2029-03-03,NONE,0,original_no_candidate,41.79,NONE,0,original_no_candidate,41.48,2029-03-03,1,original_512_retry_kept,27.1
900202,2029-02-10,2029-02-10,1,original_512,6.38,2029-02-10,1,original_512,6.02,2029-02-10,1,original_512,5.15
900205,2028-04-07,2028-04-07,1,highres_1024_retry,27.9,2028-04-07,1,highres_1024_retry,30.47,2028-04-07,1,original_512,7.65
900210,2028-03-01,2028-03-01,1,highres_1024,34.07,2028-03-01,1,original_512,7.25,2028-03-01,1,original_512,6.77
900220,2029-07-30,2029-07-30,1,original_512,5.76,2029-07-30,1,original_512,6.27,2029-07-30,1,original_512,5.85
900229,2029-07-15,2029-07-15,1,highres_1024_retry,32.55,2029-07-15,1,original_512,6.8,2029-07-15,1,original_512,5.74
900238,2027-07-16,2027-07-16,1,original_512,7.52,2027-07-16,1,original_512,7.81,2027-07-16,1,original_512,6.23
900241,2027-03-NONE,2027-03-NONE,1,original_512,8.18,2027-03-NONE,1,original_512,8.13,2027-03-NONE,1,original_512,6.68
900251,2029-05-17,2029-05-17,1,original_512,6.12,2029-05-17,1,original_512,5.49,2029-05-17,1,highres_1024,29.65
900254,2025-10-08,2025-10-08,1,highres_1024_retry,25.5,2025-10-08,1,highres_1024_retry,23.98,2025-10-08,1,original_512,5.32
900255,2029-07-29,NONE,0,original_no_candidate,50.54,NONE,0,original_no_candidate,53.21,NONE,0,original_no_candidate,46.02
900260,2029-06-16,2029-06-16,1,original_512_retry_kept,34.95,2029-06-16,1,original_512_retry_kept,28.37,2029-06-16,1,highres_1024_retry,27.08
900265,2029-05-22,2029-05-22,1,original_512,7.0,2029-05-22,1,original_512,5.73,2029-05-22,1,original_512,5.69
900267,2029-08-06,2029-08-06,1,original_512,7.16,2029-08-06,1,original_512,6.76,2029-08-06,1,original_512,6.45
900269,2029-03-15,2029-03-15,1,original_512_retry_kept,33.02,NONE,0,original_no_candidate,41.31,NONE,0,original_no_candidate,36.53
900271,2029-01-26,2029-01-26,1,highres_1024_retry,28.0,2029-01-26,1,original_512,6.88,2029-01-26,1,original_512,6.28
900272,2029-02-02,2029-02-02,1,original_512,5.91,2029-02-02,1,original_512,5.81,2029-02-02,1,original_512,5.94
900277,2028-09-17,2028-09-17,1,original_512,7.23,2028-08-17,0,original_512_retry_kept,28.17,2028-08-17,0,clahe,41.5
900281,2029-02-25,2029-02-25,1,highres_1024_retry,26.67,2029-02-25,1,highres_1024_retry,27.15,2029-02-25,1,original_512_retry_kept,24.27
900291,2029-07-09,2029-07-09,1,rotation_270,17.44,2029-07-09,1,original_512,7.87,2029-07-09,1,original_512,6.9
900296,2029-05-18,2029-05-18,1,original_512_retry_kept,34.8,NONE,0,original_no_candidate,35.96,2029-05-18,1,highres_1024,31.6
900297,2028-06-10,2028-06-10,1,original_512,6.33,2028-06-10,1,original_512,5.98,2028-06-10,1,original_512,6.14
