image_id,label,full_prediction,full_correct,full_method,recenter60_prediction,recenter60_correct,recenter60_method,change
900001,2028-09-11,2028-09-11,1,highres_1024_retry,2028-09-11,1,original_512,
900006,2028-08-24,NONE,0,original_no_candidate,NONE,0,original_no_candidate,
900007,2026-09-06,2026-09-06,1,original_512,2026-09-06,1,original_512,
900009,2029-05-22,2029-05-22,1,highres_1024,2029-05-22,1,original_512,
900012,2027-09-01,2027-09-01,1,highres_1024,2022-09-01,0,highres_1024_retry,새로 틀림
900013,2029-01-19,2029-01-19,1,highres_1024,2029-01-19,1,original_512_retry_kept,
900015,2029-02-09,2029-02-09,1,highres_1024,2029-02-09,1,original_512,
900016,2028-06-12,2028-06-12,1,highres_1024_retry,2028-06-12,1,original_512,
900017,2027-04-16,2027-04-16,1,original_512,2027-04-16,1,original_512,
900018,2029-03-30,2029-03-30,1,rotation_270,2029-03-30,1,highres_1024,
900019,2026-10-22,2026-10-22,1,original_512,2026-10-22,1,original_512,
900021,2028-06-22,NONE,0,original_no_candidate,2028-06-22,1,original_512,새로 맞음
900023,2028-06-17,NONE,0,original_no_candidate,NONE,0,original_no_candidate,
900025,2028-06-29,2028-06-29,1,highres_1024_retry,2028-06-29,1,highres_1024,
900027,2028-04-01,2028-04-01,1,original_512,2028-04-01,1,original_512,
900029,2028-12-15,2028-12-15,1,highres_1024,2028-12-15,1,original_512,
900030,2025-12-01,2025-12-01,1,clahe,2025-12-01,1,rotation_270,
900038,2025-09-13,2025-09-13,1,original_512,2025-09-13,1,original_512,
900039,2026-09-14,2026-09-14,1,highres_1024,2026-09-14,1,original_512,
900041,2028-07-13,NONE,0,original_no_candidate,2028-07-NONE,0,clahe,
900042,2026-08-28,NONE,0,original_no_candidate,NONE,0,original_no_candidate,
900045,2029-03-30,NONE,0,original_no_candidate,NONE,0,original_no_candidate,
900050,2027-11-17,2027-11-17,1,original_512,2027-11-17,1,original_512,
900052,2028-09-01,2028-09-01,1,original_512,2028-09-01,1,original_512,
900053,2028-12-30,2028-12-30,1,original_512_retry_kept,2028-12-30,1,original_512_retry_kept,
900056,2028-10-01,2028-10-01,1,highres_1024,2028-10-01,1,original_512_retry_kept,
900062,2028-11-25,2028-11-25,1,original_512,2028-11-25,1,original_512,
900063,2029-05-13,2029-05-13,1,original_512_retry_kept,2029-05-13,1,original_512,
900064,2028-09-09,2020-09-09,0,highres_1024,2028-09-09,1,original_512_retry_kept,새로 맞음
900065,2029-06-23,NONE,0,original_no_candidate,NONE,0,original_no_candidate,
900067,2029-07-14,2029-07-14,1,original_512,2029-07-14,1,original_512,
900068,2029-01-13,NONE,0,original_no_candidate,2029-01-13,1,original_512_retry_kept,새로 맞음
900069,2029-07-06,NONE,0,original_no_candidate,2029-07-06,1,original_512_retry_kept,새로 맞음
900070,2029-02-27,2029-02-27,1,highres_1024,2029-02-27,1,highres_1024_retry,
900071,2029-05-17,2029-05-NONE,0,original_512_retry_kept,2029-05-21,0,original_512_retry_kept,
900072,2029-08-18,NONE,0,original_no_candidate,NONE,0,original_no_candidate,
900075,2029-08-30,2029-08-30,1,original_512,2029-08-30,1,original_512,
900076,2029-06-07,2029-06-07,1,original_512,2029-06-07,1,original_512,
900077,2029-05-31,2029-05-31,1,original_512,2029-05-31,1,original_512,
900080,2029-06-14,2029-06-14,1,original_512,2023-06-14,0,original_512,새로 틀림
900081,2029-03-31,2029-03-31,1,highres_1024,2029-03-31,1,highres_1024,
900082,2029-06-10,2029-06-10,1,highres_1024,2029-06-10,1,highres_1024_retry,
900086,2029-06-30,2029-06-30,1,highres_1024,2029-06-30,1,original_512,
900091,2029-04-19,2029-04-19,1,original_512,2029-04-19,1,original_512,
900092,2031-01-NONE,2031-01-NONE,1,highres_1024_retry,2031-01-NONE,1,original_512_retry_kept,
900093,2029-01-26,2029-01-26,1,original_512_retry_kept,2029-01-26,1,original_512_retry_kept,
900095,2029-07-29,2029-07-29,1,original_512,2029-07-29,1,original_512,
900096,2028-06-29,2028-06-29,1,highres_1024,2028-06-29,1,highres_1024,
900098,2029-04-27,2029-04-27,1,highres_1024_retry,2029-04-27,1,original_512,
900099,2029-01-08,2029-01-08,1,original_512_retry_kept,2029-01-08,1,highres_1024_retry,
900100,2027-06-25,2027-06-25,1,original_512_retry_kept,NONE,0,original_no_candidate,새로 틀림
900101,2029-08-17,2029-08-17,1,highres_1024_retry,2029-08-17,1,original_512_retry_kept,
900103,2028-06-14,2028-06-14,1,original_512,2028-06-14,1,original_512_retry_kept,
900104,2027-09-30,2027-09-30,1,original_512,NONE,0,original_no_candidate,새로 틀림
900105,2027-07-07,2027-07-07,1,original_512,NONE,0,original_no_candidate,새로 틀림
900106,2027-06-24,2027-06-24,1,original_512,2027-06-24,1,original_512,
900107,2027-11-24,2027-11-24,1,original_512,2027-11-24,1,original_512,
900108,2027-08-18,2027-08-18,1,original_512,2027-08-18,1,original_512,
900109,2027-10-22,2027-10-22,1,original_512_retry_kept,2027-10-22,1,original_512_retry_kept,
900111,2027-08-19,2019-09-01,0,highres_1024,NONE,0,original_no_candidate,
900112,2027-05-28,2027-05-28,1,original_512,2027-05-28,1,original_512,
900114,2028-12-21,2028-12-21,1,original_512_retry_kept,2028-12-21,1,clahe,
900116,2029-06-01,2029-06-01,1,original_512,2029-06-01,1,original_512,
900119,2028-12-29,2028-12-29,1,highres_1024,2028-12-29,1,highres_1024,
900122,2029-08-19,2029-08-19,1,original_512,2029-08-19,1,original_512,
900124,2029-05-26,2029-05-26,1,highres_1024_retry,2029-05-26,1,original_512_retry_kept,
900125,2029-06-14,2029-06-14,1,original_512,2029-06-14,1,highres_1024_retry,
900127,2028-06-15,2028-06-15,1,original_512,2028-06-15,1,original_512,
900128,2029-03-01,2029-03-01,1,highres_1024_retry,2029-03-01,1,original_512,
900132,2028-12-NONE,2028-12-NONE,1,original_512_retry_kept,2029-12-NONE,0,original_512_retry_kept,새로 틀림
900135,2029-05-18,2029-05-18,1,original_512,2029-05-18,1,original_512,
900137,2028-11-03,2028-11-03,1,original_512,2028-11-03,1,original_512,
900139,2028-04-06,2028-04-06,1,original_512_retry_kept,2028-04-06,1,original_512_retry_kept,
900140,2029-03-03,2029-03-03,1,original_512_retry_kept,2029-03-03,1,original_512_retry_kept,
900143,2028-11-25,2028-11-25,1,original_512,2028-11-25,1,original_512,
900145,2029-02-19,2029-02-19,1,highres_1024_retry,2029-02-19,1,original_512,
900146,2028-08-26,2028-08-26,1,highres_1024_retry,2028-08-26,1,original_512,
900152,NONE,NONE,1,original_no_candidate,NONE,1,original_no_candidate,
900153,2027-09-26,2027-09-26,1,highres_1024,2027-09-26,1,original_512,
900154,2029-04-26,2029-04-26,1,original_512,2029-04-26,1,original_512_retry_kept,
900158,2027-04-01,2027-04-01,1,original_512,2027-04-01,1,highres_1024_retry,
900159,2029-08-18,2029-08-18,1,original_512,2029-08-18,1,original_512,
900160,2029-04-16,2029-04-16,1,highres_1024,2029-04-16,1,highres_1024,
900164,NONE,NONE,1,original_no_candidate,NONE,1,original_no_candidate,
900165,2029-06-15,2029-06-15,1,highres_1024,2029-06-15,1,highres_1024,
900166,2028-12-NONE,NONE,0,original_no_candidate,NONE,0,original_no_candidate,
900168,2028-12-17,2028-12-17,1,highres_1024_retry,2028-12-17,1,original_512,
900171,2029-07-07,2029-07-07,1,original_512,2029-07-07,1,original_512_retry_kept,
900176,2029-01-21,2029-01-21,1,original_512,2029-01-21,1,original_512_retry_kept,
900179,2027-07-15,2027-07-15,1,rotation_270,2027-07-15,1,rotation_270,
900186,2027-06-25,2027-06-25,1,original_512,2027-06-25,1,original_512,
900187,2028-07-21,2028-07-21,1,original_512,2028-07-21,1,original_512,
900188,2028-07-05,2028-07-05,1,original_512,2028-07-05,1,original_512,
900189,2028-12-08,NONE,0,original_no_candidate,2028-12-08,1,highres_1024,새로 맞음
900190,2029-05-27,2029-05-27,1,highres_1024,2029-05-27,1,highres_1024_retry,
900194,2030-07-15,2030-07-15,1,original_512,2030-07-15,1,original_512,
900197,2028-10-06,2028-10-06,1,rotation_270,2020-10-06,0,original_512,새로 틀림
900200,2029-05-07,2029-05-07,1,original_512,2029-05-07,1,original_512,
900201,2027-11-NONE,2027-11-NONE,1,original_512,2027-11-NONE,1,original_512,
900207,2029-06-19,2029-06-19,1,original_512,2029-06-19,1,original_512,
900209,2029-08-26,2029-08-26,1,original_512,2029-08-26,1,original_512,
900211,2028-09-05,2028-09-05,1,highres_1024_retry,2028-09-05,1,original_512,
900216,2029-07-24,NONE,0,original_no_candidate,NONE,0,original_no_candidate,
900217,2029-07-15,2029-07-15,1,original_512,2029-07-15,1,original_512,
900218,2027-11-30,2027-11-30,1,original_512_retry_kept,2027-11-30,1,original_512_retry_kept,
900224,2029-07-19,2029-07-19,1,original_512,2029-07-19,1,original_512,
900225,2029-08-02,2029-08-NONE,0,highres_1024_retry,2029-08-02,1,highres_1024_retry,새로 맞음
900227,2029-01-22,2029-01-22,1,rotation_270,2029-01-22,1,original_512,
900228,2028-05-24,2028-05-24,1,highres_1024,2028-05-24,1,original_512,
900230,2029-01-22,2029-01-22,1,highres_1024,2029-01-22,1,highres_1024,
900231,2028-09-22,2028-09-22,1,original_512,2028-09-22,1,original_512,
900234,2027-10-01,2027-10-01,1,highres_1024,2027-10-01,1,original_512,
900235,2028-02-13,2028-02-13,1,original_512,2028-02-13,1,original_512,
900237,2028-07-01,2028-07-01,1,original_512,2028-07-01,1,original_512,
900244,2027-08-06,NONE,0,original_no_candidate,NONE,0,original_no_candidate,
900246,2027-06-10,2027-06-10,1,original_512,2027-06-10,1,original_512,
900247,2027-09-01,2027-09-01,1,original_512,2027-09-01,1,original_512,
900249,2027-05-NONE,2027-05-NONE,1,highres_1024,2027-05-NONE,1,original_512,
900252,2029-03-02,2029-03-02,1,highres_1024_retry,2029-03-02,1,highres_1024_retry,
900256,2031-02-NONE,2031-02-NONE,1,highres_1024,2031-02-NONE,1,original_512_retry_kept,
900257,2029-07-07,2029-07-07,1,original_512,2029-07-07,1,original_512,
900259,NONE,NONE,1,original_no_candidate,NONE,1,original_no_candidate,
900261,2030-06-16,2030-06-16,1,original_512,2030-06-16,1,original_512,
900262,2029-06-28,2029-06-28,1,original_512,2029-06-28,1,original_512_retry_kept,
900263,2029-07-23,2029-07-23,1,original_512,2029-07-23,1,highres_1024_retry,
900264,2029-09-03,2029-09-03,1,rotation_270,2029-09-03,1,clahe,
900266,2029-07-06,2029-07-06,1,highres_1024,2029-07-06,1,highres_1024,
900268,2029-04-05,2029-04-05,1,original_512,2029-04-05,1,original_512,
900273,2029-04-09,2029-04-09,1,original_512,2029-04-09,1,original_512,
900275,2029-01-NONE,2029-01-NONE,1,highres_1024_retry,2029-01-NONE,1,original_512_retry_kept,
900278,2028-11-03,NONE,0,original_no_candidate,NONE,0,original_no_candidate,
900279,2029-03-26,2029-03-26,1,original_512_retry_kept,2029-03-26,1,highres_1024_retry,
900280,2028-06-25,2028-06-25,1,highres_1024,2028-06-25,1,original_512,
900282,2028-10-29,2028-10-29,1,original_512,2028-10-29,1,original_512,
900283,2029-09-08,2029-09-08,1,original_512,2029-09-08,1,original_512,
900285,2028-09-04,NONE,0,original_no_candidate,NONE,0,original_no_candidate,
900286,2027-03-06,2027-03-06,1,original_512,2027-03-06,1,original_512,
900289,2028-12-13,2028-12-13,1,original_512,2028-12-13,1,original_512,
900290,2029-06-30,NONE,0,original_no_candidate,2029-06-30,1,original_512,새로 맞음
900293,2029-08-06,2029-08-06,1,original_512,2029-08-06,1,original_512,
900294,2029-04-02,2029-04-02,1,original_512,2029-04-02,1,original_512,
