variant,cohort,policy,image_id,truth,old_prediction,new_prediction,old_correct,new_correct,old_attempts,new_attempts
implemented,official_300,current_cascade,000763,NONE-11-12,NONE,NONE-11-12,False,True,original_512|rotation_270|highres_1024|clahe,original_512|rotation_270|highres_1024|clahe
implemented,official_300,current_cascade,002899,2021-11-09,2021-11-NONE,2021-11-09,False,True,original_512|rotation_270|highres_1024|clahe,original_512|rotation_270|highres_1024|clahe
implemented,official_300,current_cascade,001955,2021-10-NONE,NONE,2021-10-NONE,False,True,original_512|rotation_270|highres_1024|clahe,original_512|rotation_270|highres_1024|clahe
implemented,official_300,frozen_B_highest_q,000763,NONE-11-12,NONE,NONE-11-12,False,True,original_512|rotation_270|highres_1024|clahe,original_512|rotation_270|highres_1024|clahe
implemented,official_300,frozen_B_highest_q,002899,2021-11-09,2021-11-NONE,2021-11-09,False,True,original_512|rotation_270|highres_1024|clahe,original_512|rotation_270|highres_1024|clahe
implemented,official_300,frozen_B_highest_q,001955,2021-10-NONE,NONE,2021-10-NONE,False,True,original_512|rotation_270|highres_1024|clahe,original_512|rotation_270|highres_1024|clahe
implemented,official_300,previous_best269,000763,NONE-11-12,NONE,NONE-11-12,False,True,original_512|rotation_270|highres_1024|clahe,original_512|rotation_270|highres_1024|clahe
implemented,official_300,previous_best269,002899,2021-11-09,2021-11-NONE,2021-11-09,False,True,original_512|rotation_270|highres_1024|clahe,original_512|rotation_270|highres_1024|clahe
implemented,official_300,previous_best269,001955,2021-10-NONE,NONE,2021-10-NONE,False,True,original_512|rotation_270|highres_1024|clahe,original_512|rotation_270|highres_1024|clahe
implemented,official_300,agreement_no_anchor,000763,NONE-11-12,NONE,NONE-11-12,False,True,original_512|rotation_270|highres_1024|clahe,original_512|rotation_270|highres_1024|clahe
implemented,official_300,agreement_no_anchor,002899,2021-11-09,2021-11-NONE,2021-11-09,False,True,original_512|rotation_270|highres_1024|clahe,original_512|rotation_270|highres_1024|clahe
implemented,official_300,agreement_no_anchor,001955,2021-10-NONE,NONE,2021-10-NONE,False,True,original_512|rotation_270|highres_1024|clahe,original_512|rotation_270|highres_1024|clahe
implemented,official_300,agreement_all,000763,NONE-11-12,NONE,NONE-11-12,False,True,original_512|rotation_270|highres_1024|clahe,original_512|rotation_270|highres_1024|clahe
implemented,official_300,agreement_all,002899,2021-11-09,2021-11-NONE,2021-11-09,False,True,original_512|rotation_270|highres_1024|clahe,original_512|rotation_270|highres_1024|clahe
implemented,official_300,agreement_all,001955,2021-10-NONE,NONE,2021-10-NONE,False,True,original_512|rotation_270|highres_1024|clahe,original_512|rotation_270|highres_1024|clahe
implemented,approved_69,current_cascade,000763,NONE-11-12,NONE,NONE-11-12,False,True,original_512|rotation_270|highres_1024|clahe,original_512|rotation_270|highres_1024|clahe
implemented,approved_69,current_cascade,001955,2021-10-NONE,NONE,2021-10-NONE,False,True,original_512|rotation_270|highres_1024|clahe,original_512|rotation_270|highres_1024|clahe
implemented,approved_69,frozen_B_highest_q,000763,NONE-11-12,NONE,NONE-11-12,False,True,original_512|rotation_270|highres_1024|clahe,original_512|rotation_270|highres_1024|clahe
implemented,approved_69,frozen_B_highest_q,001955,2021-10-NONE,NONE,2021-10-NONE,False,True,original_512|rotation_270|highres_1024|clahe,original_512|rotation_270|highres_1024|clahe
implemented,approved_69,previous_best269,000763,NONE-11-12,NONE,NONE-11-12,False,True,original_512|rotation_270|highres_1024|clahe,original_512|rotation_270|highres_1024|clahe
implemented,approved_69,previous_best269,001955,2021-10-NONE,NONE,2021-10-NONE,False,True,original_512|rotation_270|highres_1024|clahe,original_512|rotation_270|highres_1024|clahe
implemented,approved_69,agreement_no_anchor,000763,NONE-11-12,NONE,NONE-11-12,False,True,original_512|rotation_270|highres_1024|clahe,original_512|rotation_270|highres_1024|clahe
implemented,approved_69,agreement_no_anchor,001955,2021-10-NONE,NONE,2021-10-NONE,False,True,original_512|rotation_270|highres_1024|clahe,original_512|rotation_270|highres_1024|clahe
implemented,approved_69,agreement_all,000763,NONE-11-12,NONE,NONE-11-12,False,True,original_512|rotation_270|highres_1024|clahe,original_512|rotation_270|highres_1024|clahe
implemented,approved_69,agreement_all,001955,2021-10-NONE,NONE,2021-10-NONE,False,True,original_512|rotation_270|highres_1024|clahe,original_512|rotation_270|highres_1024|clahe
implemented,all_701_provisional,current_cascade,000763,NONE-11-12,NONE,NONE-11-12,False,True,original_512|rotation_270|highres_1024|clahe,original_512|rotation_270|highres_1024|clahe
implemented,all_701_provisional,current_cascade,001955,2021-10-NONE,NONE,2021-10-NONE,False,True,original_512|rotation_270|highres_1024|clahe,original_512|rotation_270|highres_1024|clahe
implemented,all_701_provisional,current_cascade,002899,2021-11-09,2021-11-NONE,2021-11-09,False,True,original_512|rotation_270|highres_1024|clahe,original_512|rotation_270|highres_1024|clahe
implemented,all_701_provisional,frozen_B_highest_q,000015,2026-03-01,2026-03-01,2026-03-01,True,True,original_512,original_512|rotation_270|highres_1024
implemented,all_701_provisional,frozen_B_highest_q,000763,NONE-11-12,NONE,NONE-11-12,False,True,original_512|rotation_270|highres_1024|clahe,original_512|rotation_270|highres_1024|clahe
implemented,all_701_provisional,frozen_B_highest_q,001955,2021-10-NONE,NONE,2021-10-NONE,False,True,original_512|rotation_270|highres_1024|clahe,original_512|rotation_270|highres_1024|clahe
implemented,all_701_provisional,frozen_B_highest_q,002899,2021-11-09,2021-11-NONE,2021-11-09,False,True,original_512|rotation_270|highres_1024|clahe,original_512|rotation_270|highres_1024|clahe
implemented,all_701_provisional,previous_best269,000763,NONE-11-12,NONE,NONE-11-12,False,True,original_512|rotation_270|highres_1024|clahe,original_512|rotation_270|highres_1024|clahe
implemented,all_701_provisional,previous_best269,001955,2021-10-NONE,NONE,2021-10-NONE,False,True,original_512|rotation_270|highres_1024|clahe,original_512|rotation_270|highres_1024|clahe
implemented,all_701_provisional,previous_best269,002899,2021-11-09,2021-11-NONE,2021-11-09,False,True,original_512|rotation_270|highres_1024|clahe,original_512|rotation_270|highres_1024|clahe
implemented,all_701_provisional,agreement_no_anchor,000763,NONE-11-12,NONE,NONE-11-12,False,True,original_512|rotation_270|highres_1024|clahe,original_512|rotation_270|highres_1024|clahe
implemented,all_701_provisional,agreement_no_anchor,001955,2021-10-NONE,NONE,2021-10-NONE,False,True,original_512|rotation_270|highres_1024|clahe,original_512|rotation_270|highres_1024|clahe
implemented,all_701_provisional,agreement_no_anchor,002899,2021-11-09,2021-11-NONE,2021-11-09,False,True,original_512|rotation_270|highres_1024|clahe,original_512|rotation_270|highres_1024|clahe
implemented,all_701_provisional,agreement_all,000763,NONE-11-12,NONE,NONE-11-12,False,True,original_512|rotation_270|highres_1024|clahe,original_512|rotation_270|highres_1024|clahe
implemented,all_701_provisional,agreement_all,001955,2021-10-NONE,NONE,2021-10-NONE,False,True,original_512|rotation_270|highres_1024|clahe,original_512|rotation_270|highres_1024|clahe
implemented,all_701_provisional,agreement_all,002899,2021-11-09,2021-11-NONE,2021-11-09,False,True,original_512|rotation_270|highres_1024|clahe,original_512|rotation_270|highres_1024|clahe
