cohort,policy,n,old_same_policy_correct,correct,gains,regressions,net_gain,vs_new_baseline_gains,vs_new_baseline_regressions,vs_new_baseline_net_gain,vs_old_same_policy_gains,vs_old_same_policy_regressions,vs_old_same_policy_net_gain,gains_vs_old_baseline_ids,regressions_vs_old_baseline_ids,retry_images,original_512,rotation_270,highres_1024,clahe,attempt_delta_original_512,attempt_delta_rotation_270,attempt_delta_highres_1024,attempt_delta_clahe,ocr_service_seconds,ocr_service_delta_vs_old_same_policy,projected_500_ocr_seconds
official_300,current_cascade,300,263,264,1,0,1,0,0,0,1,0,1,002586,,46,300,46,39,27,0,-1,-1,-1,631.6766130998294,-9.742807499991613,1052.7943551663823
official_300,frozen_B_highest_q,300,267,268,5,0,5,4,0,4,1,0,1,003311|000266|000726|002066|002586,,96,300,96,89,27,0,-1,-1,-1,849.1820265998685,-9.742807499991613,1415.3033776664477
official_300,previous_best269,300,269,270,7,0,7,6,0,6,1,0,1,003311|000266|000422|000726|002066|002586|002917,,174,300,174,97,27,0,-1,-1,-1,976.6175129999028,-9.742807499991613,1627.695854999838
official_300,agreement_no_anchor,300,270,271,8,0,8,7,0,7,1,0,1,001515|003311|000266|000422|000726|002066|002586|002917,,240,300,240,103,27,0,-1,-1,-1,1068.1288475000038,-9.742807499991613,1780.2147458333397
official_300,agreement_all,300,270,271,8,0,8,7,0,7,1,0,1,001515|003311|000266|000422|000726|002066|002586|002917,,300,300,300,105,27,0,0,-1,-1,1147.1589334000164,-8.321947799995542,1911.9315556666938
approved_69,current_cascade,69,53,54,1,0,1,0,0,0,1,0,1,002586,,16,69,16,14,12,0,-1,-1,-1,176.5679131999932,-9.742807499991613,1279.4776318840086
approved_69,frozen_B_highest_q,69,51,52,1,2,-1,0,2,-2,1,0,1,002586,000824|002310,27,69,27,25,12,0,-1,-1,-1,223.63045460003195,-9.742807499991613,1620.5105405799418
approved_69,previous_best269,69,52,53,2,2,0,1,2,-1,1,0,1,002586|002917,000824|002310,34,69,34,27,12,0,-1,-1,-1,244.63759810003103,-9.742807499991613,1772.7362181161668
approved_69,agreement_no_anchor,69,52,53,2,2,0,1,2,-1,1,0,1,002586|002917,000824|002310,50,69,50,28,12,0,-1,-1,-1,266.7100100000389,-9.742807499991613,1932.6812318843397
approved_69,agreement_all,69,52,53,2,2,0,1,2,-1,1,0,1,002586|002917,000824|002310,69,69,69,28,12,0,0,-1,-1,291.7839852000179,-8.321947799995542,2114.376704347956
historical_independent_195_reused,current_cascade,195,192,192,0,0,0,0,0,0,0,0,0,,,0,195,0,0,0,0,0,0,0,285.502128999884,0.0,732.0567410253436
historical_independent_195_reused,frozen_B_highest_q,195,193,193,1,0,1,1,0,1,0,0,0,002066,,37,195,37,37,0,0,0,0,0,455.9610151999368,0.0,1169.1308082049661
historical_independent_195_reused,previous_best269,195,194,194,2,0,2,2,0,2,0,0,0,002066|002917,,100,195,100,40,0,0,0,0,0,549.7771360999905,0.0,1409.6849643589499
historical_independent_195_reused,agreement_no_anchor,195,194,194,2,0,2,2,0,2,0,0,0,002066|002917,,148,195,148,44,0,0,0,0,0,617.2762911000173,0.0,1582.759720769275
historical_independent_195_reused,agreement_all,195,194,194,2,0,2,2,0,2,0,0,0,002066|002917,,195,195,195,45,0,0,0,0,0,677.8489199000032,0.0,1738.0741535897519
all_701_provisional,current_cascade,701,579,580,1,0,1,0,0,0,1,0,1,002586,,123,701,123,112,82,0,-1,-1,-1,1551.4198566998093,-9.742807499991613,1106.5762173322464
all_701_provisional,frozen_B_highest_q,701,580,581,7,5,2,6,5,1,1,0,1,000214|000266|000386|000726|002066|002586|003311,000071|000824|001768|002310|003245,262,701,262,251,82,0,-1,-1,-1,2140.2817579999974,-9.742807499991613,1526.59183880171
all_701_provisional,previous_best269,701,580,581,9,7,2,8,7,1,1,0,1,000214|000266|000386|000422|000726|002066|002586|002917|003311,000071|000697|000824|001768|002310|002734|003245,425,701,425,267,82,0,-1,-1,-1,3475.4573637001886,-9.742807499991613,2478.9282194723173
all_701_provisional,agreement_no_anchor,701,581,582,10,7,3,9,7,2,1,0,1,000214|000266|000386|000422|000726|001515|002066|002586|002917|003311,000071|000697|000824|001768|002310|002734|003245,565,701,565,275,82,0,-1,-1,-1,3656.639572000262,-9.742807499991613,2608.159466476649
all_701_provisional,agreement_all,701,581,582,10,7,3,9,7,2,1,0,1,000214|000266|000386|000422|000726|001515|002066|002586|002917|003311,000071|000697|000824|001768|002310|002734|003245,701,701,701,278,82,0,0,-1,-1,3851.8197437002236,-8.321947799995542,2747.3749955065787
